Sample_ID,Sample_Plate,Sample_Well,I7_Index_ID,index,I5_Index_ID,index2,Sample_Project,Description
Empty_Plate1_A1,Plate1,A1,i7_R1_515rcbc105,GTTACCTCAGAG,i5_F1_515rcbc110,CCTTGACCGATG,DualGolay16S,16S rRNA Sequencing
Empty_Plate1_B1,Plate1,B1,i7_R2_515rcbc158,AACCTTTATCGG,i5_F1_515rcbc110,CCTTGACCGATG,DualGolay16S,16S rRNA Sequencing
Empty_Plate1_C1,Plate1,C1,i7_R3_515rcbc263,GGTTATTCCTAT,i5_F1_515rcbc110,CCTTGACCGATG,DualGolay16S,16S rRNA Sequencing
Empty_Plate1_D1,Plate1,D1,i7_R4_515rcbc370,GGTGACCGGATT,i5_F1_515rcbc110,CCTTGACCGATG,DualGolay16S,16S rRNA Sequencing
Empty_Plate1_E1,Plate1,E1,i7_R5_515rcbc388,TCCTGCCGGATC,i5_F1_515rcbc110,CCTTGACCGATG,DualGolay16S,16S rRNA Sequencing
Empty_Plate1_F1,Plate1,F1,i7_R6_515rcbc408,GCGGGTAACGAC,i5_F1_515rcbc110,CCTTGACCGATG,DualGolay16S,16S rRNA Sequencing
Empty_Plate1_G1,Plate1,G1,i7_R7_515rcbc417,ATATAAACACCA,i5_F1_515rcbc110,CCTTGACCGATG,DualGolay16S,16S rRNA Sequencing
Empty_Plate1_H1,Plate1,H1,i7_R8_515rcbc829,CTGCTCTTTCGT,i5_F1_515rcbc110,CCTTGACCGATG,DualGolay16S,16S rRNA Sequencing
Empty_Plate1_A2,Plate1,A2,i7_R1_515rcbc105,GTTACCTCAGAG,i5_F2_515rcbc184,TTAAGTTAAGTT,DualGolay16S,16S rRNA Sequencing
Empty_Plate1_B2,Plate1,B2,i7_R2_515rcbc158,AACCTTTATCGG,i5_F2_515rcbc184,TTAAGTTAAGTT,DualGolay16S,16S rRNA Sequencing
Empty_Plate1_C2,Plate1,C2,i7_R3_515rcbc263,GGTTATTCCTAT,i5_F2_515rcbc184,TTAAGTTAAGTT,DualGolay16S,16S rRNA Sequencing
Empty_Plate1_D2,Plate1,D2,i7_R4_515rcbc370,GGTGACCGGATT,i5_F2_515rcbc184,TTAAGTTAAGTT,DualGolay16S,16S rRNA Sequencing
Empty_Plate1_E2,Plate1,E2,i7_R5_515rcbc388,TCCTGCCGGATC,i5_F2_515rcbc184,TTAAGTTAAGTT,DualGolay16S,16S rRNA Sequencing
Empty_Plate1_F2,Plate1,F2,i7_R6_515rcbc408,GCGGGTAACGAC,i5_F2_515rcbc184,TTAAGTTAAGTT,DualGolay16S,16S rRNA Sequencing
Empty_Plate1_G2,Plate1,G2,i7_R7_515rcbc417,ATATAAACACCA,i5_F2_515rcbc184,TTAAGTTAAGTT,DualGolay16S,16S rRNA Sequencing
Empty_Plate1_H2,Plate1,H2,i7_R8_515rcbc829,CTGCTCTTTCGT,i5_F2_515rcbc184,TTAAGTTAAGTT,DualGolay16S,16S rRNA Sequencing
Empty_Plate1_A3,Plate1,A3,i7_R1_515rcbc105,GTTACCTCAGAG,i5_F3_515rcbc434,TGCGCGCCTTCC,DualGolay16S,16S rRNA Sequencing
Empty_Plate1_B3,Plate1,B3,i7_R2_515rcbc158,AACCTTTATCGG,i5_F3_515rcbc434,TGCGCGCCTTCC,DualGolay16S,16S rRNA Sequencing
Empty_Plate1_C3,Plate1,C3,i7_R3_515rcbc263,GGTTATTCCTAT,i5_F3_515rcbc434,TGCGCGCCTTCC,DualGolay16S,16S rRNA Sequencing
Empty_Plate1_D3,Plate1,D3,i7_R4_515rcbc370,GGTGACCGGATT,i5_F3_515rcbc434,TGCGCGCCTTCC,DualGolay16S,16S rRNA Sequencing
Empty_Plate1_E3,Plate1,E3,i7_R5_515rcbc388,TCCTGCCGGATC,i5_F3_515rcbc434,TGCGCGCCTTCC,DualGolay16S,16S rRNA Sequencing
Empty_Plate1_F3,Plate1,F3,i7_R6_515rcbc408,GCGGGTAACGAC,i5_F3_515rcbc434,TGCGCGCCTTCC,DualGolay16S,16S rRNA Sequencing
Empty_Plate1_G3,Plate1,G3,i7_R7_515rcbc417,ATATAAACACCA,i5_F3_515rcbc434,TGCGCGCCTTCC,DualGolay16S,16S rRNA Sequencing
Empty_Plate1_H3,Plate1,H3,i7_R8_515rcbc829,CTGCTCTTTCGT,i5_F3_515rcbc434,TGCGCGCCTTCC,DualGolay16S,16S rRNA Sequencing
Empty_Plate1_A4,Plate1,A4,i7_R1_515rcbc105,GTTACCTCAGAG,i5_F4_515rcbc443,GCAAAGGCCCGC,DualGolay16S,16S rRNA Sequencing
Empty_Plate1_B4,Plate1,B4,i7_R2_515rcbc158,AACCTTTATCGG,i5_F4_515rcbc443,GCAAAGGCCCGC,DualGolay16S,16S rRNA Sequencing
Empty_Plate1_C4,Plate1,C4,i7_R3_515rcbc263,GGTTATTCCTAT,i5_F4_515rcbc443,GCAAAGGCCCGC,DualGolay16S,16S rRNA Sequencing
Empty_Plate1_D4,Plate1,D4,i7_R4_515rcbc370,GGTGACCGGATT,i5_F4_515rcbc443,GCAAAGGCCCGC,DualGolay16S,16S rRNA Sequencing
Empty_Plate1_E4,Plate1,E4,i7_R5_515rcbc388,TCCTGCCGGATC,i5_F4_515rcbc443,GCAAAGGCCCGC,DualGolay16S,16S rRNA Sequencing
Empty_Plate1_F4,Plate1,F4,i7_R6_515rcbc408,GCGGGTAACGAC,i5_F4_515rcbc443,GCAAAGGCCCGC,DualGolay16S,16S rRNA Sequencing
Empty_Plate1_G4,Plate1,G4,i7_R7_515rcbc417,ATATAAACACCA,i5_F4_515rcbc443,GCAAAGGCCCGC,DualGolay16S,16S rRNA Sequencing
Empty_Plate1_H4,Plate1,H4,i7_R8_515rcbc829,CTGCTCTTTCGT,i5_F4_515rcbc443,GCAAAGGCCCGC,DualGolay16S,16S rRNA Sequencing
Empty_Plate1_A5,Plate1,A5,i7_R1_515rcbc105,GTTACCTCAGAG,i5_F5_515rcbc551,GAATGCGTATAA,DualGolay16S,16S rRNA Sequencing
Empty_Plate1_B5,Plate1,B5,i7_R2_515rcbc158,AACCTTTATCGG,i5_F5_515rcbc551,GAATGCGTATAA,DualGolay16S,16S rRNA Sequencing
Empty_Plate1_C5,Plate1,C5,i7_R3_515rcbc263,GGTTATTCCTAT,i5_F5_515rcbc551,GAATGCGTATAA,DualGolay16S,16S rRNA Sequencing
Empty_Plate1_D5,Plate1,D5,i7_R4_515rcbc370,GGTGACCGGATT,i5_F5_515rcbc551,GAATGCGTATAA,DualGolay16S,16S rRNA Sequencing
Empty_Plate1_E5,Plate1,E5,i7_R5_515rcbc388,TCCTGCCGGATC,i5_F5_515rcbc551,GAATGCGTATAA,DualGolay16S,16S rRNA Sequencing
Empty_Plate1_F5,Plate1,F5,i7_R6_515rcbc408,GCGGGTAACGAC,i5_F5_515rcbc551,GAATGCGTATAA,DualGolay16S,16S rRNA Sequencing
Empty_Plate1_G5,Plate1,G5,i7_R7_515rcbc417,ATATAAACACCA,i5_F5_515rcbc551,GAATGCGTATAA,DualGolay16S,16S rRNA Sequencing
Empty_Plate1_H5,Plate1,H5,i7_R8_515rcbc829,CTGCTCTTTCGT,i5_F5_515rcbc551,GAATGCGTATAA,DualGolay16S,16S rRNA Sequencing
Empty_Plate1_A6,Plate1,A6,i7_R1_515rcbc105,GTTACCTCAGAG,i5_F6_515rcbc587,TAGGTAACCGAT,DualGolay16S,16S rRNA Sequencing
Empty_Plate1_B6,Plate1,B6,i7_R2_515rcbc158,AACCTTTATCGG,i5_F6_515rcbc587,TAGGTAACCGAT,DualGolay16S,16S rRNA Sequencing
Empty_Plate1_C6,Plate1,C6,i7_R3_515rcbc263,GGTTATTCCTAT,i5_F6_515rcbc587,TAGGTAACCGAT,DualGolay16S,16S rRNA Sequencing
Empty_Plate1_D6,Plate1,D6,i7_R4_515rcbc370,GGTGACCGGATT,i5_F6_515rcbc587,TAGGTAACCGAT,DualGolay16S,16S rRNA Sequencing
Empty_Plate1_E6,Plate1,E6,i7_R5_515rcbc388,TCCTGCCGGATC,i5_F6_515rcbc587,TAGGTAACCGAT,DualGolay16S,16S rRNA Sequencing
Empty_Plate1_F6,Plate1,F6,i7_R6_515rcbc408,GCGGGTAACGAC,i5_F6_515rcbc587,TAGGTAACCGAT,DualGolay16S,16S rRNA Sequencing
Empty_Plate1_G6,Plate1,G6,i7_R7_515rcbc417,ATATAAACACCA,i5_F6_515rcbc587,TAGGTAACCGAT,DualGolay16S,16S rRNA Sequencing
Empty_Plate1_H6,Plate1,H6,i7_R8_515rcbc829,CTGCTCTTTCGT,i5_F6_515rcbc587,TAGGTAACCGAT,DualGolay16S,16S rRNA Sequencing
Empty_Plate1_A7,Plate1,A7,i7_R1_515rcbc105,GTTACCTCAGAG,i5_F7_515rcbc621,GAGTCCGTTGCT,DualGolay16S,16S rRNA Sequencing
Empty_Plate1_B7,Plate1,B7,i7_R2_515rcbc158,AACCTTTATCGG,i5_F7_515rcbc621,GAGTCCGTTGCT,DualGolay16S,16S rRNA Sequencing
Empty_Plate1_C7,Plate1,C7,i7_R3_515rcbc263,GGTTATTCCTAT,i5_F7_515rcbc621,GAGTCCGTTGCT,DualGolay16S,16S rRNA Sequencing
Empty_Plate1_D7,Plate1,D7,i7_R4_515rcbc370,GGTGACCGGATT,i5_F7_515rcbc621,GAGTCCGTTGCT,DualGolay16S,16S rRNA Sequencing
Empty_Plate1_E7,Plate1,E7,i7_R5_515rcbc388,TCCTGCCGGATC,i5_F7_515rcbc621,GAGTCCGTTGCT,DualGolay16S,16S rRNA Sequencing
Empty_Plate1_F7,Plate1,F7,i7_R6_515rcbc408,GCGGGTAACGAC,i5_F7_515rcbc621,GAGTCCGTTGCT,DualGolay16S,16S rRNA Sequencing
Empty_Plate1_G7,Plate1,G7,i7_R7_515rcbc417,ATATAAACACCA,i5_F7_515rcbc621,GAGTCCGTTGCT,DualGolay16S,16S rRNA Sequencing
Empty_Plate1_H7,Plate1,H7,i7_R8_515rcbc829,CTGCTCTTTCGT,i5_F7_515rcbc621,GAGTCCGTTGCT,DualGolay16S,16S rRNA Sequencing
Empty_Plate1_A8,Plate1,A8,i7_R1_515rcbc105,GTTACCTCAGAG,i5_F8_515rcbc628,GTGGGCGGCCCT,DualGolay16S,16S rRNA Sequencing
Empty_Plate1_B8,Plate1,B8,i7_R2_515rcbc158,AACCTTTATCGG,i5_F8_515rcbc628,GTGGGCGGCCCT,DualGolay16S,16S rRNA Sequencing
Empty_Plate1_C8,Plate1,C8,i7_R3_515rcbc263,GGTTATTCCTAT,i5_F8_515rcbc628,GTGGGCGGCCCT,DualGolay16S,16S rRNA Sequencing
Empty_Plate1_D8,Plate1,D8,i7_R4_515rcbc370,GGTGACCGGATT,i5_F8_515rcbc628,GTGGGCGGCCCT,DualGolay16S,16S rRNA Sequencing
Empty_Plate1_E8,Plate1,E8,i7_R5_515rcbc388,TCCTGCCGGATC,i5_F8_515rcbc628,GTGGGCGGCCCT,DualGolay16S,16S rRNA Sequencing
Empty_Plate1_F8,Plate1,F8,i7_R6_515rcbc408,GCGGGTAACGAC,i5_F8_515rcbc628,GTGGGCGGCCCT,DualGolay16S,16S rRNA Sequencing
Empty_Plate1_G8,Plate1,G8,i7_R7_515rcbc417,ATATAAACACCA,i5_F8_515rcbc628,GTGGGCGGCCCT,DualGolay16S,16S rRNA Sequencing
Empty_Plate1_H8,Plate1,H8,i7_R8_515rcbc829,CTGCTCTTTCGT,i5_F8_515rcbc628,GTGGGCGGCCCT,DualGolay16S,16S rRNA Sequencing
Empty_Plate1_A9,Plate1,A9,i7_R1_515rcbc105,GTTACCTCAGAG,i5_F9_515rcbc679,AACCGATGTACC,DualGolay16S,16S rRNA Sequencing
Empty_Plate1_B9,Plate1,B9,i7_R2_515rcbc158,AACCTTTATCGG,i5_F9_515rcbc679,AACCGATGTACC,DualGolay16S,16S rRNA Sequencing
Empty_Plate1_C9,Plate1,C9,i7_R3_515rcbc263,GGTTATTCCTAT,i5_F9_515rcbc679,AACCGATGTACC,DualGolay16S,16S rRNA Sequencing
Empty_Plate1_D9,Plate1,D9,i7_R4_515rcbc370,GGTGACCGGATT,i5_F9_515rcbc679,AACCGATGTACC,DualGolay16S,16S rRNA Sequencing
Empty_Plate1_E9,Plate1,E9,i7_R5_515rcbc388,TCCTGCCGGATC,i5_F9_515rcbc679,AACCGATGTACC,DualGolay16S,16S rRNA Sequencing
Empty_Plate1_F9,Plate1,F9,i7_R6_515rcbc408,GCGGGTAACGAC,i5_F9_515rcbc679,AACCGATGTACC,DualGolay16S,16S rRNA Sequencing
Empty_Plate1_G9,Plate1,G9,i7_R7_515rcbc417,ATATAAACACCA,i5_F9_515rcbc679,AACCGATGTACC,DualGolay16S,16S rRNA Sequencing
Empty_Plate1_H9,Plate1,H9,i7_R8_515rcbc829,CTGCTCTTTCGT,i5_F9_515rcbc679,AACCGATGTACC,DualGolay16S,16S rRNA Sequencing
Empty_Plate1_A10,Plate1,A10,i7_R1_515rcbc105,GTTACCTCAGAG,i5_F10_515rcbc695,CTAAATACCCTT,DualGolay16S,16S rRNA Sequencing
Empty_Plate1_B10,Plate1,B10,i7_R2_515rcbc158,AACCTTTATCGG,i5_F10_515rcbc695,CTAAATACCCTT,DualGolay16S,16S rRNA Sequencing
Empty_Plate1_C10,Plate1,C10,i7_R3_515rcbc263,GGTTATTCCTAT,i5_F10_515rcbc695,CTAAATACCCTT,DualGolay16S,16S rRNA Sequencing
Empty_Plate1_D10,Plate1,D10,i7_R4_515rcbc370,GGTGACCGGATT,i5_F10_515rcbc695,CTAAATACCCTT,DualGolay16S,16S rRNA Sequencing
Empty_Plate1_E10,Plate1,E10,i7_R5_515rcbc388,TCCTGCCGGATC,i5_F10_515rcbc695,CTAAATACCCTT,DualGolay16S,16S rRNA Sequencing
Empty_Plate1_F10,Plate1,F10,i7_R6_515rcbc408,GCGGGTAACGAC,i5_F10_515rcbc695,CTAAATACCCTT,DualGolay16S,16S rRNA Sequencing
Empty_Plate1_G10,Plate1,G10,i7_R7_515rcbc417,ATATAAACACCA,i5_F10_515rcbc695,CTAAATACCCTT,DualGolay16S,16S rRNA Sequencing
Empty_Plate1_H10,Plate1,H10,i7_R8_515rcbc829,CTGCTCTTTCGT,i5_F10_515rcbc695,CTAAATACCCTT,DualGolay16S,16S rRNA Sequencing
Empty_Plate1_A11,Plate1,A11,i7_R1_515rcbc105,GTTACCTCAGAG,i5_F11_515rcbc789,CGTCGTCTAAGA,DualGolay16S,16S rRNA Sequencing
Empty_Plate1_B11,Plate1,B11,i7_R2_515rcbc158,AACCTTTATCGG,i5_F11_515rcbc789,CGTCGTCTAAGA,DualGolay16S,16S rRNA Sequencing
Empty_Plate1_C11,Plate1,C11,i7_R3_515rcbc263,GGTTATTCCTAT,i5_F11_515rcbc789,CGTCGTCTAAGA,DualGolay16S,16S rRNA Sequencing
Empty_Plate1_D11,Plate1,D11,i7_R4_515rcbc370,GGTGACCGGATT,i5_F11_515rcbc789,CGTCGTCTAAGA,DualGolay16S,16S rRNA Sequencing
Empty_Plate1_E11,Plate1,E11,i7_R5_515rcbc388,TCCTGCCGGATC,i5_F11_515rcbc789,CGTCGTCTAAGA,DualGolay16S,16S rRNA Sequencing
Empty_Plate1_F11,Plate1,F11,i7_R6_515rcbc408,GCGGGTAACGAC,i5_F11_515rcbc789,CGTCGTCTAAGA,DualGolay16S,16S rRNA Sequencing
Empty_Plate1_G11,Plate1,G11,i7_R7_515rcbc417,ATATAAACACCA,i5_F11_515rcbc789,CGTCGTCTAAGA,DualGolay16S,16S rRNA Sequencing
Empty_Plate1_H11,Plate1,H11,i7_R8_515rcbc829,CTGCTCTTTCGT,i5_F11_515rcbc789,CGTCGTCTAAGA,DualGolay16S,16S rRNA Sequencing
Empty_Plate1_A12,Plate1,A12,i7_R1_515rcbc105,GTTACCTCAGAG,i5_F12_515rcbc950,ACTTCATCGTAT,DualGolay16S,16S rRNA Sequencing
Empty_Plate1_B12,Plate1,B12,i7_R2_515rcbc158,AACCTTTATCGG,i5_F12_515rcbc950,ACTTCATCGTAT,DualGolay16S,16S rRNA Sequencing
Empty_Plate1_C12,Plate1,C12,i7_R3_515rcbc263,GGTTATTCCTAT,i5_F12_515rcbc950,ACTTCATCGTAT,DualGolay16S,16S rRNA Sequencing
Empty_Plate1_D12,Plate1,D12,i7_R4_515rcbc370,GGTGACCGGATT,i5_F12_515rcbc950,ACTTCATCGTAT,DualGolay16S,16S rRNA Sequencing
Empty_Plate1_E12,Plate1,E12,i7_R5_515rcbc388,TCCTGCCGGATC,i5_F12_515rcbc950,ACTTCATCGTAT,DualGolay16S,16S rRNA Sequencing
Empty_Plate1_F12,Plate1,F12,i7_R6_515rcbc408,GCGGGTAACGAC,i5_F12_515rcbc950,ACTTCATCGTAT,DualGolay16S,16S rRNA Sequencing
Empty_Plate1_G12,Plate1,G12,i7_R7_515rcbc417,ATATAAACACCA,i5_F12_515rcbc950,ACTTCATCGTAT,DualGolay16S,16S rRNA Sequencing
Empty_Plate1_H12,Plate1,H12,i7_R8_515rcbc829,CTGCTCTTTCGT,i5_F12_515rcbc950,ACTTCATCGTAT,DualGolay16S,16S rRNA Sequencing
Empty_Plate2_A1,Plate2,A1,i7_R9_515rcbc262,TGGTTCGAGTAC,i5_F1_515rcbc110,CCTTGACCGATG,DualGolay16S,16S rRNA Sequencing
Empty_Plate2_B1,Plate2,B1,i7_R10_515rcbc307,GAATATTAACGT,i5_F1_515rcbc110,CCTTGACCGATG,DualGolay16S,16S rRNA Sequencing
Empty_Plate2_C1,Plate2,C1,i7_R11_515rcbc380,CCATCCAGGTCC,i5_F1_515rcbc110,CCTTGACCGATG,DualGolay16S,16S rRNA Sequencing
Empty_Plate2_D1,Plate2,D1,i7_R12_515rcbc507,TGACAGGGTCAC,i5_F1_515rcbc110,CCTTGACCGATG,DualGolay16S,16S rRNA Sequencing
Empty_Plate2_E1,Plate2,E1,i7_R13_515rcbc552,AAGACACAGGTA,i5_F1_515rcbc110,CCTTGACCGATG,DualGolay16S,16S rRNA Sequencing
Empty_Plate2_F1,Plate2,F1,i7_R14_515rcbc633,AACATTAAGTTG,i5_F1_515rcbc110,CCTTGACCGATG,DualGolay16S,16S rRNA Sequencing
Empty_Plate2_G1,Plate2,G1,i7_R15_515rcbc794,ACGATTGACCTT,i5_F1_515rcbc110,CCTTGACCGATG,DualGolay16S,16S rRNA Sequencing
Empty_Plate2_H1,Plate2,H1,i7_R16_515rcbc850,GGACAACGCTTG,i5_F1_515rcbc110,CCTTGACCGATG,DualGolay16S,16S rRNA Sequencing
Empty_Plate2_A2,Plate2,A2,i7_R9_515rcbc262,TGGTTCGAGTAC,i5_F2_515rcbc184,TTAAGTTAAGTT,DualGolay16S,16S rRNA Sequencing
Empty_Plate2_B2,Plate2,B2,i7_R10_515rcbc307,GAATATTAACGT,i5_F2_515rcbc184,TTAAGTTAAGTT,DualGolay16S,16S rRNA Sequencing
Empty_Plate2_C2,Plate2,C2,i7_R11_515rcbc380,CCATCCAGGTCC,i5_F2_515rcbc184,TTAAGTTAAGTT,DualGolay16S,16S rRNA Sequencing
Empty_Plate2_D2,Plate2,D2,i7_R12_515rcbc507,TGACAGGGTCAC,i5_F2_515rcbc184,TTAAGTTAAGTT,DualGolay16S,16S rRNA Sequencing
Empty_Plate2_E2,Plate2,E2,i7_R13_515rcbc552,AAGACACAGGTA,i5_F2_515rcbc184,TTAAGTTAAGTT,DualGolay16S,16S rRNA Sequencing
Empty_Plate2_F2,Plate2,F2,i7_R14_515rcbc633,AACATTAAGTTG,i5_F2_515rcbc184,TTAAGTTAAGTT,DualGolay16S,16S rRNA Sequencing
Empty_Plate2_G2,Plate2,G2,i7_R15_515rcbc794,ACGATTGACCTT,i5_F2_515rcbc184,TTAAGTTAAGTT,DualGolay16S,16S rRNA Sequencing
Empty_Plate2_H2,Plate2,H2,i7_R16_515rcbc850,GGACAACGCTTG,i5_F2_515rcbc184,TTAAGTTAAGTT,DualGolay16S,16S rRNA Sequencing
Empty_Plate2_A3,Plate2,A3,i7_R9_515rcbc262,TGGTTCGAGTAC,i5_F3_515rcbc434,TGCGCGCCTTCC,DualGolay16S,16S rRNA Sequencing
Empty_Plate2_B3,Plate2,B3,i7_R10_515rcbc307,GAATATTAACGT,i5_F3_515rcbc434,TGCGCGCCTTCC,DualGolay16S,16S rRNA Sequencing
Empty_Plate2_C3,Plate2,C3,i7_R11_515rcbc380,CCATCCAGGTCC,i5_F3_515rcbc434,TGCGCGCCTTCC,DualGolay16S,16S rRNA Sequencing
Empty_Plate2_D3,Plate2,D3,i7_R12_515rcbc507,TGACAGGGTCAC,i5_F3_515rcbc434,TGCGCGCCTTCC,DualGolay16S,16S rRNA Sequencing
Empty_Plate2_E3,Plate2,E3,i7_R13_515rcbc552,AAGACACAGGTA,i5_F3_515rcbc434,TGCGCGCCTTCC,DualGolay16S,16S rRNA Sequencing
Empty_Plate2_F3,Plate2,F3,i7_R14_515rcbc633,AACATTAAGTTG,i5_F3_515rcbc434,TGCGCGCCTTCC,DualGolay16S,16S rRNA Sequencing
Empty_Plate2_G3,Plate2,G3,i7_R15_515rcbc794,ACGATTGACCTT,i5_F3_515rcbc434,TGCGCGCCTTCC,DualGolay16S,16S rRNA Sequencing
Empty_Plate2_H3,Plate2,H3,i7_R16_515rcbc850,GGACAACGCTTG,i5_F3_515rcbc434,TGCGCGCCTTCC,DualGolay16S,16S rRNA Sequencing
Empty_Plate2_A4,Plate2,A4,i7_R9_515rcbc262,TGGTTCGAGTAC,i5_F4_515rcbc443,GCAAAGGCCCGC,DualGolay16S,16S rRNA Sequencing
Empty_Plate2_B4,Plate2,B4,i7_R10_515rcbc307,GAATATTAACGT,i5_F4_515rcbc443,GCAAAGGCCCGC,DualGolay16S,16S rRNA Sequencing
Empty_Plate2_C4,Plate2,C4,i7_R11_515rcbc380,CCATCCAGGTCC,i5_F4_515rcbc443,GCAAAGGCCCGC,DualGolay16S,16S rRNA Sequencing
Empty_Plate2_D4,Plate2,D4,i7_R12_515rcbc507,TGACAGGGTCAC,i5_F4_515rcbc443,GCAAAGGCCCGC,DualGolay16S,16S rRNA Sequencing
Empty_Plate2_E4,Plate2,E4,i7_R13_515rcbc552,AAGACACAGGTA,i5_F4_515rcbc443,GCAAAGGCCCGC,DualGolay16S,16S rRNA Sequencing
Empty_Plate2_F4,Plate2,F4,i7_R14_515rcbc633,AACATTAAGTTG,i5_F4_515rcbc443,GCAAAGGCCCGC,DualGolay16S,16S rRNA Sequencing
Empty_Plate2_G4,Plate2,G4,i7_R15_515rcbc794,ACGATTGACCTT,i5_F4_515rcbc443,GCAAAGGCCCGC,DualGolay16S,16S rRNA Sequencing
Empty_Plate2_H4,Plate2,H4,i7_R16_515rcbc850,GGACAACGCTTG,i5_F4_515rcbc443,GCAAAGGCCCGC,DualGolay16S,16S rRNA Sequencing
Empty_Plate2_A5,Plate2,A5,i7_R9_515rcbc262,TGGTTCGAGTAC,i5_F5_515rcbc551,GAATGCGTATAA,DualGolay16S,16S rRNA Sequencing
Empty_Plate2_B5,Plate2,B5,i7_R10_515rcbc307,GAATATTAACGT,i5_F5_515rcbc551,GAATGCGTATAA,DualGolay16S,16S rRNA Sequencing
Empty_Plate2_C5,Plate2,C5,i7_R11_515rcbc380,CCATCCAGGTCC,i5_F5_515rcbc551,GAATGCGTATAA,DualGolay16S,16S rRNA Sequencing
Empty_Plate2_D5,Plate2,D5,i7_R12_515rcbc507,TGACAGGGTCAC,i5_F5_515rcbc551,GAATGCGTATAA,DualGolay16S,16S rRNA Sequencing
Empty_Plate2_E5,Plate2,E5,i7_R13_515rcbc552,AAGACACAGGTA,i5_F5_515rcbc551,GAATGCGTATAA,DualGolay16S,16S rRNA Sequencing
Empty_Plate2_F5,Plate2,F5,i7_R14_515rcbc633,AACATTAAGTTG,i5_F5_515rcbc551,GAATGCGTATAA,DualGolay16S,16S rRNA Sequencing
Empty_Plate2_G5,Plate2,G5,i7_R15_515rcbc794,ACGATTGACCTT,i5_F5_515rcbc551,GAATGCGTATAA,DualGolay16S,16S rRNA Sequencing
Empty_Plate2_H5,Plate2,H5,i7_R16_515rcbc850,GGACAACGCTTG,i5_F5_515rcbc551,GAATGCGTATAA,DualGolay16S,16S rRNA Sequencing
Empty_Plate2_A6,Plate2,A6,i7_R9_515rcbc262,TGGTTCGAGTAC,i5_F6_515rcbc587,TAGGTAACCGAT,DualGolay16S,16S rRNA Sequencing
Empty_Plate2_B6,Plate2,B6,i7_R10_515rcbc307,GAATATTAACGT,i5_F6_515rcbc587,TAGGTAACCGAT,DualGolay16S,16S rRNA Sequencing
Empty_Plate2_C6,Plate2,C6,i7_R11_515rcbc380,CCATCCAGGTCC,i5_F6_515rcbc587,TAGGTAACCGAT,DualGolay16S,16S rRNA Sequencing
Empty_Plate2_D6,Plate2,D6,i7_R12_515rcbc507,TGACAGGGTCAC,i5_F6_515rcbc587,TAGGTAACCGAT,DualGolay16S,16S rRNA Sequencing
Empty_Plate2_E6,Plate2,E6,i7_R13_515rcbc552,AAGACACAGGTA,i5_F6_515rcbc587,TAGGTAACCGAT,DualGolay16S,16S rRNA Sequencing
Empty_Plate2_F6,Plate2,F6,i7_R14_515rcbc633,AACATTAAGTTG,i5_F6_515rcbc587,TAGGTAACCGAT,DualGolay16S,16S rRNA Sequencing
Empty_Plate2_G6,Plate2,G6,i7_R15_515rcbc794,ACGATTGACCTT,i5_F6_515rcbc587,TAGGTAACCGAT,DualGolay16S,16S rRNA Sequencing
Empty_Plate2_H6,Plate2,H6,i7_R16_515rcbc850,GGACAACGCTTG,i5_F6_515rcbc587,TAGGTAACCGAT,DualGolay16S,16S rRNA Sequencing
Empty_Plate2_A7,Plate2,A7,i7_R9_515rcbc262,TGGTTCGAGTAC,i5_F7_515rcbc621,GAGTCCGTTGCT,DualGolay16S,16S rRNA Sequencing
Empty_Plate2_B7,Plate2,B7,i7_R10_515rcbc307,GAATATTAACGT,i5_F7_515rcbc621,GAGTCCGTTGCT,DualGolay16S,16S rRNA Sequencing
Empty_Plate2_C7,Plate2,C7,i7_R11_515rcbc380,CCATCCAGGTCC,i5_F7_515rcbc621,GAGTCCGTTGCT,DualGolay16S,16S rRNA Sequencing
Empty_Plate2_D7,Plate2,D7,i7_R12_515rcbc507,TGACAGGGTCAC,i5_F7_515rcbc621,GAGTCCGTTGCT,DualGolay16S,16S rRNA Sequencing
Empty_Plate2_E7,Plate2,E7,i7_R13_515rcbc552,AAGACACAGGTA,i5_F7_515rcbc621,GAGTCCGTTGCT,DualGolay16S,16S rRNA Sequencing
Empty_Plate2_F7,Plate2,F7,i7_R14_515rcbc633,AACATTAAGTTG,i5_F7_515rcbc621,GAGTCCGTTGCT,DualGolay16S,16S rRNA Sequencing
Empty_Plate2_G7,Plate2,G7,i7_R15_515rcbc794,ACGATTGACCTT,i5_F7_515rcbc621,GAGTCCGTTGCT,DualGolay16S,16S rRNA Sequencing
Empty_Plate2_H7,Plate2,H7,i7_R16_515rcbc850,GGACAACGCTTG,i5_F7_515rcbc621,GAGTCCGTTGCT,DualGolay16S,16S rRNA Sequencing
Empty_Plate2_A8,Plate2,A8,i7_R9_515rcbc262,TGGTTCGAGTAC,i5_F8_515rcbc628,GTGGGCGGCCCT,DualGolay16S,16S rRNA Sequencing
Empty_Plate2_B8,Plate2,B8,i7_R10_515rcbc307,GAATATTAACGT,i5_F8_515rcbc628,GTGGGCGGCCCT,DualGolay16S,16S rRNA Sequencing
Empty_Plate2_C8,Plate2,C8,i7_R11_515rcbc380,CCATCCAGGTCC,i5_F8_515rcbc628,GTGGGCGGCCCT,DualGolay16S,16S rRNA Sequencing
Empty_Plate2_D8,Plate2,D8,i7_R12_515rcbc507,TGACAGGGTCAC,i5_F8_515rcbc628,GTGGGCGGCCCT,DualGolay16S,16S rRNA Sequencing
Empty_Plate2_E8,Plate2,E8,i7_R13_515rcbc552,AAGACACAGGTA,i5_F8_515rcbc628,GTGGGCGGCCCT,DualGolay16S,16S rRNA Sequencing
Empty_Plate2_F8,Plate2,F8,i7_R14_515rcbc633,AACATTAAGTTG,i5_F8_515rcbc628,GTGGGCGGCCCT,DualGolay16S,16S rRNA Sequencing
Empty_Plate2_G8,Plate2,G8,i7_R15_515rcbc794,ACGATTGACCTT,i5_F8_515rcbc628,GTGGGCGGCCCT,DualGolay16S,16S rRNA Sequencing
Empty_Plate2_H8,Plate2,H8,i7_R16_515rcbc850,GGACAACGCTTG,i5_F8_515rcbc628,GTGGGCGGCCCT,DualGolay16S,16S rRNA Sequencing
Empty_Plate2_A9,Plate2,A9,i7_R9_515rcbc262,TGGTTCGAGTAC,i5_F9_515rcbc679,AACCGATGTACC,DualGolay16S,16S rRNA Sequencing
Empty_Plate2_B9,Plate2,B9,i7_R10_515rcbc307,GAATATTAACGT,i5_F9_515rcbc679,AACCGATGTACC,DualGolay16S,16S rRNA Sequencing
Empty_Plate2_C9,Plate2,C9,i7_R11_515rcbc380,CCATCCAGGTCC,i5_F9_515rcbc679,AACCGATGTACC,DualGolay16S,16S rRNA Sequencing
Empty_Plate2_D9,Plate2,D9,i7_R12_515rcbc507,TGACAGGGTCAC,i5_F9_515rcbc679,AACCGATGTACC,DualGolay16S,16S rRNA Sequencing
Empty_Plate2_E9,Plate2,E9,i7_R13_515rcbc552,AAGACACAGGTA,i5_F9_515rcbc679,AACCGATGTACC,DualGolay16S,16S rRNA Sequencing
Empty_Plate2_F9,Plate2,F9,i7_R14_515rcbc633,AACATTAAGTTG,i5_F9_515rcbc679,AACCGATGTACC,DualGolay16S,16S rRNA Sequencing
Empty_Plate2_G9,Plate2,G9,i7_R15_515rcbc794,ACGATTGACCTT,i5_F9_515rcbc679,AACCGATGTACC,DualGolay16S,16S rRNA Sequencing
Empty_Plate2_H9,Plate2,H9,i7_R16_515rcbc850,GGACAACGCTTG,i5_F9_515rcbc679,AACCGATGTACC,DualGolay16S,16S rRNA Sequencing
Empty_Plate2_A10,Plate2,A10,i7_R9_515rcbc262,TGGTTCGAGTAC,i5_F10_515rcbc695,CTAAATACCCTT,DualGolay16S,16S rRNA Sequencing
Empty_Plate2_B10,Plate2,B10,i7_R10_515rcbc307,GAATATTAACGT,i5_F10_515rcbc695,CTAAATACCCTT,DualGolay16S,16S rRNA Sequencing
Empty_Plate2_C10,Plate2,C10,i7_R11_515rcbc380,CCATCCAGGTCC,i5_F10_515rcbc695,CTAAATACCCTT,DualGolay16S,16S rRNA Sequencing
Empty_Plate2_D10,Plate2,D10,i7_R12_515rcbc507,TGACAGGGTCAC,i5_F10_515rcbc695,CTAAATACCCTT,DualGolay16S,16S rRNA Sequencing
Empty_Plate2_E10,Plate2,E10,i7_R13_515rcbc552,AAGACACAGGTA,i5_F10_515rcbc695,CTAAATACCCTT,DualGolay16S,16S rRNA Sequencing
Empty_Plate2_F10,Plate2,F10,i7_R14_515rcbc633,AACATTAAGTTG,i5_F10_515rcbc695,CTAAATACCCTT,DualGolay16S,16S rRNA Sequencing
Empty_Plate2_G10,Plate2,G10,i7_R15_515rcbc794,ACGATTGACCTT,i5_F10_515rcbc695,CTAAATACCCTT,DualGolay16S,16S rRNA Sequencing
Empty_Plate2_H10,Plate2,H10,i7_R16_515rcbc850,GGACAACGCTTG,i5_F10_515rcbc695,CTAAATACCCTT,DualGolay16S,16S rRNA Sequencing
Empty_Plate2_A11,Plate2,A11,i7_R9_515rcbc262,TGGTTCGAGTAC,i5_F11_515rcbc789,CGTCGTCTAAGA,DualGolay16S,16S rRNA Sequencing
Empty_Plate2_B11,Plate2,B11,i7_R10_515rcbc307,GAATATTAACGT,i5_F11_515rcbc789,CGTCGTCTAAGA,DualGolay16S,16S rRNA Sequencing
Empty_Plate2_C11,Plate2,C11,i7_R11_515rcbc380,CCATCCAGGTCC,i5_F11_515rcbc789,CGTCGTCTAAGA,DualGolay16S,16S rRNA Sequencing
Empty_Plate2_D11,Plate2,D11,i7_R12_515rcbc507,TGACAGGGTCAC,i5_F11_515rcbc789,CGTCGTCTAAGA,DualGolay16S,16S rRNA Sequencing
Empty_Plate2_E11,Plate2,E11,i7_R13_515rcbc552,AAGACACAGGTA,i5_F11_515rcbc789,CGTCGTCTAAGA,DualGolay16S,16S rRNA Sequencing
Empty_Plate2_F11,Plate2,F11,i7_R14_515rcbc633,AACATTAAGTTG,i5_F11_515rcbc789,CGTCGTCTAAGA,DualGolay16S,16S rRNA Sequencing
Empty_Plate2_G11,Plate2,G11,i7_R15_515rcbc794,ACGATTGACCTT,i5_F11_515rcbc789,CGTCGTCTAAGA,DualGolay16S,16S rRNA Sequencing
Empty_Plate2_H11,Plate2,H11,i7_R16_515rcbc850,GGACAACGCTTG,i5_F11_515rcbc789,CGTCGTCTAAGA,DualGolay16S,16S rRNA Sequencing
Empty_Plate2_A12,Plate2,A12,i7_R9_515rcbc262,TGGTTCGAGTAC,i5_F12_515rcbc950,ACTTCATCGTAT,DualGolay16S,16S rRNA Sequencing
Empty_Plate2_B12,Plate2,B12,i7_R10_515rcbc307,GAATATTAACGT,i5_F12_515rcbc950,ACTTCATCGTAT,DualGolay16S,16S rRNA Sequencing
Empty_Plate2_C12,Plate2,C12,i7_R11_515rcbc380,CCATCCAGGTCC,i5_F12_515rcbc950,ACTTCATCGTAT,DualGolay16S,16S rRNA Sequencing
Empty_Plate2_D12,Plate2,D12,i7_R12_515rcbc507,TGACAGGGTCAC,i5_F12_515rcbc950,ACTTCATCGTAT,DualGolay16S,16S rRNA Sequencing
Empty_Plate2_E12,Plate2,E12,i7_R13_515rcbc552,AAGACACAGGTA,i5_F12_515rcbc950,ACTTCATCGTAT,DualGolay16S,16S rRNA Sequencing
Empty_Plate2_F12,Plate2,F12,i7_R14_515rcbc633,AACATTAAGTTG,i5_F12_515rcbc950,ACTTCATCGTAT,DualGolay16S,16S rRNA Sequencing
Empty_Plate2_G12,Plate2,G12,i7_R15_515rcbc794,ACGATTGACCTT,i5_F12_515rcbc950,ACTTCATCGTAT,DualGolay16S,16S rRNA Sequencing
Empty_Plate2_H12,Plate2,H12,i7_R16_515rcbc850,GGACAACGCTTG,i5_F12_515rcbc950,ACTTCATCGTAT,DualGolay16S,16S rRNA Sequencing
Empty_Plate3_A1,Plate3,A1,i7_R17_515rcbc2,TGTAGCAGGGCT,i5_F1_515rcbc110,CCTTGACCGATG,DualGolay16S,16S rRNA Sequencing
Empty_Plate3_B1,Plate3,B1,i7_R18_515rcbc257,CATCTGTAGCGA,i5_F1_515rcbc110,CCTTGACCGATG,DualGolay16S,16S rRNA Sequencing
Empty_Plate3_C1,Plate3,C1,i7_R19_515rcbc364,GTGATGTAAATG,i5_F1_515rcbc110,CCTTGACCGATG,DualGolay16S,16S rRNA Sequencing
Empty_Plate3_D1,Plate3,D1,i7_R20_515rcbc406,ATAGTTTGTCCT,i5_F1_515rcbc110,CCTTGACCGATG,DualGolay16S,16S rRNA Sequencing
Empty_Plate3_E1,Plate3,E1,i7_R21_515rcbc773,GCCAGAGTCGTA,i5_F1_515rcbc110,CCTTGACCGATG,DualGolay16S,16S rRNA Sequencing
Empty_Plate3_F1,Plate3,F1,i7_R22_515rcbc877,TAAGGCCTATCG,i5_F1_515rcbc110,CCTTGACCGATG,DualGolay16S,16S rRNA Sequencing
Empty_Plate3_G1,Plate3,G1,i7_R23_515rcbc892,CCTACGCCTCTA,i5_F1_515rcbc110,CCTTGACCGATG,DualGolay16S,16S rRNA Sequencing
Empty_Plate3_H1,Plate3,H1,i7_R24_515rcbc959,CGCGCCCACAAC,i5_F1_515rcbc110,CCTTGACCGATG,DualGolay16S,16S rRNA Sequencing
Empty_Plate3_A2,Plate3,A2,i7_R17_515rcbc2,TGTAGCAGGGCT,i5_F2_515rcbc184,TTAAGTTAAGTT,DualGolay16S,16S rRNA Sequencing
Empty_Plate3_B2,Plate3,B2,i7_R18_515rcbc257,CATCTGTAGCGA,i5_F2_515rcbc184,TTAAGTTAAGTT,DualGolay16S,16S rRNA Sequencing
Empty_Plate3_C2,Plate3,C2,i7_R19_515rcbc364,GTGATGTAAATG,i5_F2_515rcbc184,TTAAGTTAAGTT,DualGolay16S,16S rRNA Sequencing
Empty_Plate3_D2,Plate3,D2,i7_R20_515rcbc406,ATAGTTTGTCCT,i5_F2_515rcbc184,TTAAGTTAAGTT,DualGolay16S,16S rRNA Sequencing
Empty_Plate3_E2,Plate3,E2,i7_R21_515rcbc773,GCCAGAGTCGTA,i5_F2_515rcbc184,TTAAGTTAAGTT,DualGolay16S,16S rRNA Sequencing
Empty_Plate3_F2,Plate3,F2,i7_R22_515rcbc877,TAAGGCCTATCG,i5_F2_515rcbc184,TTAAGTTAAGTT,DualGolay16S,16S rRNA Sequencing
Empty_Plate3_G2,Plate3,G2,i7_R23_515rcbc892,CCTACGCCTCTA,i5_F2_515rcbc184,TTAAGTTAAGTT,DualGolay16S,16S rRNA Sequencing
Empty_Plate3_H2,Plate3,H2,i7_R24_515rcbc959,CGCGCCCACAAC,i5_F2_515rcbc184,TTAAGTTAAGTT,DualGolay16S,16S rRNA Sequencing
Empty_Plate3_A3,Plate3,A3,i7_R17_515rcbc2,TGTAGCAGGGCT,i5_F3_515rcbc434,TGCGCGCCTTCC,DualGolay16S,16S rRNA Sequencing
Empty_Plate3_B3,Plate3,B3,i7_R18_515rcbc257,CATCTGTAGCGA,i5_F3_515rcbc434,TGCGCGCCTTCC,DualGolay16S,16S rRNA Sequencing
Empty_Plate3_C3,Plate3,C3,i7_R19_515rcbc364,GTGATGTAAATG,i5_F3_515rcbc434,TGCGCGCCTTCC,DualGolay16S,16S rRNA Sequencing
Empty_Plate3_D3,Plate3,D3,i7_R20_515rcbc406,ATAGTTTGTCCT,i5_F3_515rcbc434,TGCGCGCCTTCC,DualGolay16S,16S rRNA Sequencing
Empty_Plate3_E3,Plate3,E3,i7_R21_515rcbc773,GCCAGAGTCGTA,i5_F3_515rcbc434,TGCGCGCCTTCC,DualGolay16S,16S rRNA Sequencing
Empty_Plate3_F3,Plate3,F3,i7_R22_515rcbc877,TAAGGCCTATCG,i5_F3_515rcbc434,TGCGCGCCTTCC,DualGolay16S,16S rRNA Sequencing
Empty_Plate3_G3,Plate3,G3,i7_R23_515rcbc892,CCTACGCCTCTA,i5_F3_515rcbc434,TGCGCGCCTTCC,DualGolay16S,16S rRNA Sequencing
Empty_Plate3_H3,Plate3,H3,i7_R24_515rcbc959,CGCGCCCACAAC,i5_F3_515rcbc434,TGCGCGCCTTCC,DualGolay16S,16S rRNA Sequencing
Empty_Plate3_A4,Plate3,A4,i7_R17_515rcbc2,TGTAGCAGGGCT,i5_F4_515rcbc443,GCAAAGGCCCGC,DualGolay16S,16S rRNA Sequencing
Empty_Plate3_B4,Plate3,B4,i7_R18_515rcbc257,CATCTGTAGCGA,i5_F4_515rcbc443,GCAAAGGCCCGC,DualGolay16S,16S rRNA Sequencing
Empty_Plate3_C4,Plate3,C4,i7_R19_515rcbc364,GTGATGTAAATG,i5_F4_515rcbc443,GCAAAGGCCCGC,DualGolay16S,16S rRNA Sequencing
Empty_Plate3_D4,Plate3,D4,i7_R20_515rcbc406,ATAGTTTGTCCT,i5_F4_515rcbc443,GCAAAGGCCCGC,DualGolay16S,16S rRNA Sequencing
Empty_Plate3_E4,Plate3,E4,i7_R21_515rcbc773,GCCAGAGTCGTA,i5_F4_515rcbc443,GCAAAGGCCCGC,DualGolay16S,16S rRNA Sequencing
Empty_Plate3_F4,Plate3,F4,i7_R22_515rcbc877,TAAGGCCTATCG,i5_F4_515rcbc443,GCAAAGGCCCGC,DualGolay16S,16S rRNA Sequencing
Empty_Plate3_G4,Plate3,G4,i7_R23_515rcbc892,CCTACGCCTCTA,i5_F4_515rcbc443,GCAAAGGCCCGC,DualGolay16S,16S rRNA Sequencing
Empty_Plate3_H4,Plate3,H4,i7_R24_515rcbc959,CGCGCCCACAAC,i5_F4_515rcbc443,GCAAAGGCCCGC,DualGolay16S,16S rRNA Sequencing
Empty_Plate3_A5,Plate3,A5,i7_R17_515rcbc2,TGTAGCAGGGCT,i5_F5_515rcbc551,GAATGCGTATAA,DualGolay16S,16S rRNA Sequencing
Empty_Plate3_B5,Plate3,B5,i7_R18_515rcbc257,CATCTGTAGCGA,i5_F5_515rcbc551,GAATGCGTATAA,DualGolay16S,16S rRNA Sequencing
Empty_Plate3_C5,Plate3,C5,i7_R19_515rcbc364,GTGATGTAAATG,i5_F5_515rcbc551,GAATGCGTATAA,DualGolay16S,16S rRNA Sequencing
Empty_Plate3_D5,Plate3,D5,i7_R20_515rcbc406,ATAGTTTGTCCT,i5_F5_515rcbc551,GAATGCGTATAA,DualGolay16S,16S rRNA Sequencing
Empty_Plate3_E5,Plate3,E5,i7_R21_515rcbc773,GCCAGAGTCGTA,i5_F5_515rcbc551,GAATGCGTATAA,DualGolay16S,16S rRNA Sequencing
Empty_Plate3_F5,Plate3,F5,i7_R22_515rcbc877,TAAGGCCTATCG,i5_F5_515rcbc551,GAATGCGTATAA,DualGolay16S,16S rRNA Sequencing
Empty_Plate3_G5,Plate3,G5,i7_R23_515rcbc892,CCTACGCCTCTA,i5_F5_515rcbc551,GAATGCGTATAA,DualGolay16S,16S rRNA Sequencing
Empty_Plate3_H5,Plate3,H5,i7_R24_515rcbc959,CGCGCCCACAAC,i5_F5_515rcbc551,GAATGCGTATAA,DualGolay16S,16S rRNA Sequencing
Empty_Plate3_A6,Plate3,A6,i7_R17_515rcbc2,TGTAGCAGGGCT,i5_F6_515rcbc587,TAGGTAACCGAT,DualGolay16S,16S rRNA Sequencing
Empty_Plate3_B6,Plate3,B6,i7_R18_515rcbc257,CATCTGTAGCGA,i5_F6_515rcbc587,TAGGTAACCGAT,DualGolay16S,16S rRNA Sequencing
Empty_Plate3_C6,Plate3,C6,i7_R19_515rcbc364,GTGATGTAAATG,i5_F6_515rcbc587,TAGGTAACCGAT,DualGolay16S,16S rRNA Sequencing
Empty_Plate3_D6,Plate3,D6,i7_R20_515rcbc406,ATAGTTTGTCCT,i5_F6_515rcbc587,TAGGTAACCGAT,DualGolay16S,16S rRNA Sequencing
Empty_Plate3_E6,Plate3,E6,i7_R21_515rcbc773,GCCAGAGTCGTA,i5_F6_515rcbc587,TAGGTAACCGAT,DualGolay16S,16S rRNA Sequencing
Empty_Plate3_F6,Plate3,F6,i7_R22_515rcbc877,TAAGGCCTATCG,i5_F6_515rcbc587,TAGGTAACCGAT,DualGolay16S,16S rRNA Sequencing
Empty_Plate3_G6,Plate3,G6,i7_R23_515rcbc892,CCTACGCCTCTA,i5_F6_515rcbc587,TAGGTAACCGAT,DualGolay16S,16S rRNA Sequencing
Empty_Plate3_H6,Plate3,H6,i7_R24_515rcbc959,CGCGCCCACAAC,i5_F6_515rcbc587,TAGGTAACCGAT,DualGolay16S,16S rRNA Sequencing
Empty_Plate3_A7,Plate3,A7,i7_R17_515rcbc2,TGTAGCAGGGCT,i5_F7_515rcbc621,GAGTCCGTTGCT,DualGolay16S,16S rRNA Sequencing
Empty_Plate3_B7,Plate3,B7,i7_R18_515rcbc257,CATCTGTAGCGA,i5_F7_515rcbc621,GAGTCCGTTGCT,DualGolay16S,16S rRNA Sequencing
Empty_Plate3_C7,Plate3,C7,i7_R19_515rcbc364,GTGATGTAAATG,i5_F7_515rcbc621,GAGTCCGTTGCT,DualGolay16S,16S rRNA Sequencing
Empty_Plate3_D7,Plate3,D7,i7_R20_515rcbc406,ATAGTTTGTCCT,i5_F7_515rcbc621,GAGTCCGTTGCT,DualGolay16S,16S rRNA Sequencing
Empty_Plate3_E7,Plate3,E7,i7_R21_515rcbc773,GCCAGAGTCGTA,i5_F7_515rcbc621,GAGTCCGTTGCT,DualGolay16S,16S rRNA Sequencing
Empty_Plate3_F7,Plate3,F7,i7_R22_515rcbc877,TAAGGCCTATCG,i5_F7_515rcbc621,GAGTCCGTTGCT,DualGolay16S,16S rRNA Sequencing
Empty_Plate3_G7,Plate3,G7,i7_R23_515rcbc892,CCTACGCCTCTA,i5_F7_515rcbc621,GAGTCCGTTGCT,DualGolay16S,16S rRNA Sequencing
Empty_Plate3_H7,Plate3,H7,i7_R24_515rcbc959,CGCGCCCACAAC,i5_F7_515rcbc621,GAGTCCGTTGCT,DualGolay16S,16S rRNA Sequencing
Empty_Plate3_A8,Plate3,A8,i7_R17_515rcbc2,TGTAGCAGGGCT,i5_F8_515rcbc628,GTGGGCGGCCCT,DualGolay16S,16S rRNA Sequencing
Empty_Plate3_B8,Plate3,B8,i7_R18_515rcbc257,CATCTGTAGCGA,i5_F8_515rcbc628,GTGGGCGGCCCT,DualGolay16S,16S rRNA Sequencing
Empty_Plate3_C8,Plate3,C8,i7_R19_515rcbc364,GTGATGTAAATG,i5_F8_515rcbc628,GTGGGCGGCCCT,DualGolay16S,16S rRNA Sequencing
Empty_Plate3_D8,Plate3,D8,i7_R20_515rcbc406,ATAGTTTGTCCT,i5_F8_515rcbc628,GTGGGCGGCCCT,DualGolay16S,16S rRNA Sequencing
Empty_Plate3_E8,Plate3,E8,i7_R21_515rcbc773,GCCAGAGTCGTA,i5_F8_515rcbc628,GTGGGCGGCCCT,DualGolay16S,16S rRNA Sequencing
Empty_Plate3_F8,Plate3,F8,i7_R22_515rcbc877,TAAGGCCTATCG,i5_F8_515rcbc628,GTGGGCGGCCCT,DualGolay16S,16S rRNA Sequencing
Empty_Plate3_G8,Plate3,G8,i7_R23_515rcbc892,CCTACGCCTCTA,i5_F8_515rcbc628,GTGGGCGGCCCT,DualGolay16S,16S rRNA Sequencing
Empty_Plate3_H8,Plate3,H8,i7_R24_515rcbc959,CGCGCCCACAAC,i5_F8_515rcbc628,GTGGGCGGCCCT,DualGolay16S,16S rRNA Sequencing
Empty_Plate3_A9,Plate3,A9,i7_R17_515rcbc2,TGTAGCAGGGCT,i5_F9_515rcbc679,AACCGATGTACC,DualGolay16S,16S rRNA Sequencing
Empty_Plate3_B9,Plate3,B9,i7_R18_515rcbc257,CATCTGTAGCGA,i5_F9_515rcbc679,AACCGATGTACC,DualGolay16S,16S rRNA Sequencing
Empty_Plate3_C9,Plate3,C9,i7_R19_515rcbc364,GTGATGTAAATG,i5_F9_515rcbc679,AACCGATGTACC,DualGolay16S,16S rRNA Sequencing
Empty_Plate3_D9,Plate3,D9,i7_R20_515rcbc406,ATAGTTTGTCCT,i5_F9_515rcbc679,AACCGATGTACC,DualGolay16S,16S rRNA Sequencing
Empty_Plate3_E9,Plate3,E9,i7_R21_515rcbc773,GCCAGAGTCGTA,i5_F9_515rcbc679,AACCGATGTACC,DualGolay16S,16S rRNA Sequencing
Empty_Plate3_F9,Plate3,F9,i7_R22_515rcbc877,TAAGGCCTATCG,i5_F9_515rcbc679,AACCGATGTACC,DualGolay16S,16S rRNA Sequencing
Empty_Plate3_G9,Plate3,G9,i7_R23_515rcbc892,CCTACGCCTCTA,i5_F9_515rcbc679,AACCGATGTACC,DualGolay16S,16S rRNA Sequencing
Empty_Plate3_H9,Plate3,H9,i7_R24_515rcbc959,CGCGCCCACAAC,i5_F9_515rcbc679,AACCGATGTACC,DualGolay16S,16S rRNA Sequencing
Empty_Plate3_A10,Plate3,A10,i7_R17_515rcbc2,TGTAGCAGGGCT,i5_F10_515rcbc695,CTAAATACCCTT,DualGolay16S,16S rRNA Sequencing
Empty_Plate3_B10,Plate3,B10,i7_R18_515rcbc257,CATCTGTAGCGA,i5_F10_515rcbc695,CTAAATACCCTT,DualGolay16S,16S rRNA Sequencing
Empty_Plate3_C10,Plate3,C10,i7_R19_515rcbc364,GTGATGTAAATG,i5_F10_515rcbc695,CTAAATACCCTT,DualGolay16S,16S rRNA Sequencing
Empty_Plate3_D10,Plate3,D10,i7_R20_515rcbc406,ATAGTTTGTCCT,i5_F10_515rcbc695,CTAAATACCCTT,DualGolay16S,16S rRNA Sequencing
Empty_Plate3_E10,Plate3,E10,i7_R21_515rcbc773,GCCAGAGTCGTA,i5_F10_515rcbc695,CTAAATACCCTT,DualGolay16S,16S rRNA Sequencing
Empty_Plate3_F10,Plate3,F10,i7_R22_515rcbc877,TAAGGCCTATCG,i5_F10_515rcbc695,CTAAATACCCTT,DualGolay16S,16S rRNA Sequencing
Empty_Plate3_G10,Plate3,G10,i7_R23_515rcbc892,CCTACGCCTCTA,i5_F10_515rcbc695,CTAAATACCCTT,DualGolay16S,16S rRNA Sequencing
Empty_Plate3_H10,Plate3,H10,i7_R24_515rcbc959,CGCGCCCACAAC,i5_F10_515rcbc695,CTAAATACCCTT,DualGolay16S,16S rRNA Sequencing
Empty_Plate3_A11,Plate3,A11,i7_R17_515rcbc2,TGTAGCAGGGCT,i5_F11_515rcbc789,CGTCGTCTAAGA,DualGolay16S,16S rRNA Sequencing
Empty_Plate3_B11,Plate3,B11,i7_R18_515rcbc257,CATCTGTAGCGA,i5_F11_515rcbc789,CGTCGTCTAAGA,DualGolay16S,16S rRNA Sequencing
Empty_Plate3_C11,Plate3,C11,i7_R19_515rcbc364,GTGATGTAAATG,i5_F11_515rcbc789,CGTCGTCTAAGA,DualGolay16S,16S rRNA Sequencing
Empty_Plate3_D11,Plate3,D11,i7_R20_515rcbc406,ATAGTTTGTCCT,i5_F11_515rcbc789,CGTCGTCTAAGA,DualGolay16S,16S rRNA Sequencing
Empty_Plate3_E11,Plate3,E11,i7_R21_515rcbc773,GCCAGAGTCGTA,i5_F11_515rcbc789,CGTCGTCTAAGA,DualGolay16S,16S rRNA Sequencing
Empty_Plate3_F11,Plate3,F11,i7_R22_515rcbc877,TAAGGCCTATCG,i5_F11_515rcbc789,CGTCGTCTAAGA,DualGolay16S,16S rRNA Sequencing
Empty_Plate3_G11,Plate3,G11,i7_R23_515rcbc892,CCTACGCCTCTA,i5_F11_515rcbc789,CGTCGTCTAAGA,DualGolay16S,16S rRNA Sequencing
Empty_Plate3_H11,Plate3,H11,i7_R24_515rcbc959,CGCGCCCACAAC,i5_F11_515rcbc789,CGTCGTCTAAGA,DualGolay16S,16S rRNA Sequencing
Empty_Plate3_A12,Plate3,A12,i7_R17_515rcbc2,TGTAGCAGGGCT,i5_F12_515rcbc950,ACTTCATCGTAT,DualGolay16S,16S rRNA Sequencing
Empty_Plate3_B12,Plate3,B12,i7_R18_515rcbc257,CATCTGTAGCGA,i5_F12_515rcbc950,ACTTCATCGTAT,DualGolay16S,16S rRNA Sequencing
Empty_Plate3_C12,Plate3,C12,i7_R19_515rcbc364,GTGATGTAAATG,i5_F12_515rcbc950,ACTTCATCGTAT,DualGolay16S,16S rRNA Sequencing
Empty_Plate3_D12,Plate3,D12,i7_R20_515rcbc406,ATAGTTTGTCCT,i5_F12_515rcbc950,ACTTCATCGTAT,DualGolay16S,16S rRNA Sequencing
Empty_Plate3_E12,Plate3,E12,i7_R21_515rcbc773,GCCAGAGTCGTA,i5_F12_515rcbc950,ACTTCATCGTAT,DualGolay16S,16S rRNA Sequencing
Empty_Plate3_F12,Plate3,F12,i7_R22_515rcbc877,TAAGGCCTATCG,i5_F12_515rcbc950,ACTTCATCGTAT,DualGolay16S,16S rRNA Sequencing
Empty_Plate3_G12,Plate3,G12,i7_R23_515rcbc892,CCTACGCCTCTA,i5_F12_515rcbc950,ACTTCATCGTAT,DualGolay16S,16S rRNA Sequencing
Empty_Plate3_H12,Plate3,H12,i7_R24_515rcbc959,CGCGCCCACAAC,i5_F12_515rcbc950,ACTTCATCGTAT,DualGolay16S,16S rRNA Sequencing
Empty_Plate4_A1,Plate4,A1,i7_R1_515rcbc105,GTTACCTCAGAG,i5_F13_515rcbc258,CCGGCTTATGTG,DualGolay16S,16S rRNA Sequencing
Empty_Plate4_B1,Plate4,B1,i7_R2_515rcbc158,AACCTTTATCGG,i5_F13_515rcbc258,CCGGCTTATGTG,DualGolay16S,16S rRNA Sequencing
Empty_Plate4_C1,Plate4,C1,i7_R3_515rcbc263,GGTTATTCCTAT,i5_F13_515rcbc258,CCGGCTTATGTG,DualGolay16S,16S rRNA Sequencing
Empty_Plate4_D1,Plate4,D1,i7_R4_515rcbc370,GGTGACCGGATT,i5_F13_515rcbc258,CCGGCTTATGTG,DualGolay16S,16S rRNA Sequencing
Empty_Plate4_E1,Plate4,E1,i7_R5_515rcbc388,TCCTGCCGGATC,i5_F13_515rcbc258,CCGGCTTATGTG,DualGolay16S,16S rRNA Sequencing
Empty_Plate4_F1,Plate4,F1,i7_R6_515rcbc408,GCGGGTAACGAC,i5_F13_515rcbc258,CCGGCTTATGTG,DualGolay16S,16S rRNA Sequencing
Empty_Plate4_G1,Plate4,G1,i7_R7_515rcbc417,ATATAAACACCA,i5_F13_515rcbc258,CCGGCTTATGTG,DualGolay16S,16S rRNA Sequencing
Empty_Plate4_H1,Plate4,H1,i7_R8_515rcbc829,CTGCTCTTTCGT,i5_F13_515rcbc258,CCGGCTTATGTG,DualGolay16S,16S rRNA Sequencing
Empty_Plate4_A2,Plate4,A2,i7_R1_515rcbc105,GTTACCTCAGAG,i5_F14_515rcbc277,GTTAACTTACTA,DualGolay16S,16S rRNA Sequencing
Empty_Plate4_B2,Plate4,B2,i7_R2_515rcbc158,AACCTTTATCGG,i5_F14_515rcbc277,GTTAACTTACTA,DualGolay16S,16S rRNA Sequencing
Empty_Plate4_C2,Plate4,C2,i7_R3_515rcbc263,GGTTATTCCTAT,i5_F14_515rcbc277,GTTAACTTACTA,DualGolay16S,16S rRNA Sequencing
Empty_Plate4_D2,Plate4,D2,i7_R4_515rcbc370,GGTGACCGGATT,i5_F14_515rcbc277,GTTAACTTACTA,DualGolay16S,16S rRNA Sequencing
Empty_Plate4_E2,Plate4,E2,i7_R5_515rcbc388,TCCTGCCGGATC,i5_F14_515rcbc277,GTTAACTTACTA,DualGolay16S,16S rRNA Sequencing
Empty_Plate4_F2,Plate4,F2,i7_R6_515rcbc408,GCGGGTAACGAC,i5_F14_515rcbc277,GTTAACTTACTA,DualGolay16S,16S rRNA Sequencing
Empty_Plate4_G2,Plate4,G2,i7_R7_515rcbc417,ATATAAACACCA,i5_F14_515rcbc277,GTTAACTTACTA,DualGolay16S,16S rRNA Sequencing
Empty_Plate4_H2,Plate4,H2,i7_R8_515rcbc829,CTGCTCTTTCGT,i5_F14_515rcbc277,GTTAACTTACTA,DualGolay16S,16S rRNA Sequencing
Empty_Plate4_A3,Plate4,A3,i7_R1_515rcbc105,GTTACCTCAGAG,i5_F15_515rcbc472,CACGCTATTGGA,DualGolay16S,16S rRNA Sequencing
Empty_Plate4_B3,Plate4,B3,i7_R2_515rcbc158,AACCTTTATCGG,i5_F15_515rcbc472,CACGCTATTGGA,DualGolay16S,16S rRNA Sequencing
Empty_Plate4_C3,Plate4,C3,i7_R3_515rcbc263,GGTTATTCCTAT,i5_F15_515rcbc472,CACGCTATTGGA,DualGolay16S,16S rRNA Sequencing
Empty_Plate4_D3,Plate4,D3,i7_R4_515rcbc370,GGTGACCGGATT,i5_F15_515rcbc472,CACGCTATTGGA,DualGolay16S,16S rRNA Sequencing
Empty_Plate4_E3,Plate4,E3,i7_R5_515rcbc388,TCCTGCCGGATC,i5_F15_515rcbc472,CACGCTATTGGA,DualGolay16S,16S rRNA Sequencing
Empty_Plate4_F3,Plate4,F3,i7_R6_515rcbc408,GCGGGTAACGAC,i5_F15_515rcbc472,CACGCTATTGGA,DualGolay16S,16S rRNA Sequencing
Empty_Plate4_G3,Plate4,G3,i7_R7_515rcbc417,ATATAAACACCA,i5_F15_515rcbc472,CACGCTATTGGA,DualGolay16S,16S rRNA Sequencing
Empty_Plate4_H3,Plate4,H3,i7_R8_515rcbc829,CTGCTCTTTCGT,i5_F15_515rcbc472,CACGCTATTGGA,DualGolay16S,16S rRNA Sequencing
Empty_Plate4_A4,Plate4,A4,i7_R1_515rcbc105,GTTACCTCAGAG,i5_F16_515rcbc707,GTTGTATTATAC,DualGolay16S,16S rRNA Sequencing
Empty_Plate4_B4,Plate4,B4,i7_R2_515rcbc158,AACCTTTATCGG,i5_F16_515rcbc707,GTTGTATTATAC,DualGolay16S,16S rRNA Sequencing
Empty_Plate4_C4,Plate4,C4,i7_R3_515rcbc263,GGTTATTCCTAT,i5_F16_515rcbc707,GTTGTATTATAC,DualGolay16S,16S rRNA Sequencing
Empty_Plate4_D4,Plate4,D4,i7_R4_515rcbc370,GGTGACCGGATT,i5_F16_515rcbc707,GTTGTATTATAC,DualGolay16S,16S rRNA Sequencing
Empty_Plate4_E4,Plate4,E4,i7_R5_515rcbc388,TCCTGCCGGATC,i5_F16_515rcbc707,GTTGTATTATAC,DualGolay16S,16S rRNA Sequencing
Empty_Plate4_F4,Plate4,F4,i7_R6_515rcbc408,GCGGGTAACGAC,i5_F16_515rcbc707,GTTGTATTATAC,DualGolay16S,16S rRNA Sequencing
Empty_Plate4_G4,Plate4,G4,i7_R7_515rcbc417,ATATAAACACCA,i5_F16_515rcbc707,GTTGTATTATAC,DualGolay16S,16S rRNA Sequencing
Empty_Plate4_H4,Plate4,H4,i7_R8_515rcbc829,CTGCTCTTTCGT,i5_F16_515rcbc707,GTTGTATTATAC,DualGolay16S,16S rRNA Sequencing
Empty_Plate4_A5,Plate4,A5,i7_R1_515rcbc105,GTTACCTCAGAG,i5_F17_515rcbc762,AACTGGAACCCT,DualGolay16S,16S rRNA Sequencing
Empty_Plate4_B5,Plate4,B5,i7_R2_515rcbc158,AACCTTTATCGG,i5_F17_515rcbc762,AACTGGAACCCT,DualGolay16S,16S rRNA Sequencing
Empty_Plate4_C5,Plate4,C5,i7_R3_515rcbc263,GGTTATTCCTAT,i5_F17_515rcbc762,AACTGGAACCCT,DualGolay16S,16S rRNA Sequencing
Empty_Plate4_D5,Plate4,D5,i7_R4_515rcbc370,GGTGACCGGATT,i5_F17_515rcbc762,AACTGGAACCCT,DualGolay16S,16S rRNA Sequencing
Empty_Plate4_E5,Plate4,E5,i7_R5_515rcbc388,TCCTGCCGGATC,i5_F17_515rcbc762,AACTGGAACCCT,DualGolay16S,16S rRNA Sequencing
Empty_Plate4_F5,Plate4,F5,i7_R6_515rcbc408,GCGGGTAACGAC,i5_F17_515rcbc762,AACTGGAACCCT,DualGolay16S,16S rRNA Sequencing
Empty_Plate4_G5,Plate4,G5,i7_R7_515rcbc417,ATATAAACACCA,i5_F17_515rcbc762,AACTGGAACCCT,DualGolay16S,16S rRNA Sequencing
Empty_Plate4_H5,Plate4,H5,i7_R8_515rcbc829,CTGCTCTTTCGT,i5_F17_515rcbc762,AACTGGAACCCT,DualGolay16S,16S rRNA Sequencing
Empty_Plate4_A6,Plate4,A6,i7_R1_515rcbc105,GTTACCTCAGAG,i5_F18_515rcbc797,CGGATAACCTCC,DualGolay16S,16S rRNA Sequencing
Empty_Plate4_B6,Plate4,B6,i7_R2_515rcbc158,AACCTTTATCGG,i5_F18_515rcbc797,CGGATAACCTCC,DualGolay16S,16S rRNA Sequencing
Empty_Plate4_C6,Plate4,C6,i7_R3_515rcbc263,GGTTATTCCTAT,i5_F18_515rcbc797,CGGATAACCTCC,DualGolay16S,16S rRNA Sequencing
Empty_Plate4_D6,Plate4,D6,i7_R4_515rcbc370,GGTGACCGGATT,i5_F18_515rcbc797,CGGATAACCTCC,DualGolay16S,16S rRNA Sequencing
Empty_Plate4_E6,Plate4,E6,i7_R5_515rcbc388,TCCTGCCGGATC,i5_F18_515rcbc797,CGGATAACCTCC,DualGolay16S,16S rRNA Sequencing
Empty_Plate4_F6,Plate4,F6,i7_R6_515rcbc408,GCGGGTAACGAC,i5_F18_515rcbc797,CGGATAACCTCC,DualGolay16S,16S rRNA Sequencing
Empty_Plate4_G6,Plate4,G6,i7_R7_515rcbc417,ATATAAACACCA,i5_F18_515rcbc797,CGGATAACCTCC,DualGolay16S,16S rRNA Sequencing
Empty_Plate4_H6,Plate4,H6,i7_R8_515rcbc829,CTGCTCTTTCGT,i5_F18_515rcbc797,CGGATAACCTCC,DualGolay16S,16S rRNA Sequencing
Empty_Plate4_A7,Plate4,A7,i7_R1_515rcbc105,GTTACCTCAGAG,i5_F19_515rcbc800,ATTAAGCCTGGA,DualGolay16S,16S rRNA Sequencing
Empty_Plate4_B7,Plate4,B7,i7_R2_515rcbc158,AACCTTTATCGG,i5_F19_515rcbc800,ATTAAGCCTGGA,DualGolay16S,16S rRNA Sequencing
Empty_Plate4_C7,Plate4,C7,i7_R3_515rcbc263,GGTTATTCCTAT,i5_F19_515rcbc800,ATTAAGCCTGGA,DualGolay16S,16S rRNA Sequencing
Empty_Plate4_D7,Plate4,D7,i7_R4_515rcbc370,GGTGACCGGATT,i5_F19_515rcbc800,ATTAAGCCTGGA,DualGolay16S,16S rRNA Sequencing
Empty_Plate4_E7,Plate4,E7,i7_R5_515rcbc388,TCCTGCCGGATC,i5_F19_515rcbc800,ATTAAGCCTGGA,DualGolay16S,16S rRNA Sequencing
Empty_Plate4_F7,Plate4,F7,i7_R6_515rcbc408,GCGGGTAACGAC,i5_F19_515rcbc800,ATTAAGCCTGGA,DualGolay16S,16S rRNA Sequencing
Empty_Plate4_G7,Plate4,G7,i7_R7_515rcbc417,ATATAAACACCA,i5_F19_515rcbc800,ATTAAGCCTGGA,DualGolay16S,16S rRNA Sequencing
Empty_Plate4_H7,Plate4,H7,i7_R8_515rcbc829,CTGCTCTTTCGT,i5_F19_515rcbc800,ATTAAGCCTGGA,DualGolay16S,16S rRNA Sequencing
Empty_Plate4_A8,Plate4,A8,i7_R1_515rcbc105,GTTACCTCAGAG,i5_F20_515rcbc844,CGCTTGTGTAGC,DualGolay16S,16S rRNA Sequencing
Empty_Plate4_B8,Plate4,B8,i7_R2_515rcbc158,AACCTTTATCGG,i5_F20_515rcbc844,CGCTTGTGTAGC,DualGolay16S,16S rRNA Sequencing
Empty_Plate4_C8,Plate4,C8,i7_R3_515rcbc263,GGTTATTCCTAT,i5_F20_515rcbc844,CGCTTGTGTAGC,DualGolay16S,16S rRNA Sequencing
Empty_Plate4_D8,Plate4,D8,i7_R4_515rcbc370,GGTGACCGGATT,i5_F20_515rcbc844,CGCTTGTGTAGC,DualGolay16S,16S rRNA Sequencing
Empty_Plate4_E8,Plate4,E8,i7_R5_515rcbc388,TCCTGCCGGATC,i5_F20_515rcbc844,CGCTTGTGTAGC,DualGolay16S,16S rRNA Sequencing
Empty_Plate4_F8,Plate4,F8,i7_R6_515rcbc408,GCGGGTAACGAC,i5_F20_515rcbc844,CGCTTGTGTAGC,DualGolay16S,16S rRNA Sequencing
Empty_Plate4_G8,Plate4,G8,i7_R7_515rcbc417,ATATAAACACCA,i5_F20_515rcbc844,CGCTTGTGTAGC,DualGolay16S,16S rRNA Sequencing
Empty_Plate4_H8,Plate4,H8,i7_R8_515rcbc829,CTGCTCTTTCGT,i5_F20_515rcbc844,CGCTTGTGTAGC,DualGolay16S,16S rRNA Sequencing
Empty_Plate4_A9,Plate4,A9,i7_R1_515rcbc105,GTTACCTCAGAG,i5_F21_515rcbc858,GTACACTGATAG,DualGolay16S,16S rRNA Sequencing
Empty_Plate4_B9,Plate4,B9,i7_R2_515rcbc158,AACCTTTATCGG,i5_F21_515rcbc858,GTACACTGATAG,DualGolay16S,16S rRNA Sequencing
Empty_Plate4_C9,Plate4,C9,i7_R3_515rcbc263,GGTTATTCCTAT,i5_F21_515rcbc858,GTACACTGATAG,DualGolay16S,16S rRNA Sequencing
Empty_Plate4_D9,Plate4,D9,i7_R4_515rcbc370,GGTGACCGGATT,i5_F21_515rcbc858,GTACACTGATAG,DualGolay16S,16S rRNA Sequencing
Empty_Plate4_E9,Plate4,E9,i7_R5_515rcbc388,TCCTGCCGGATC,i5_F21_515rcbc858,GTACACTGATAG,DualGolay16S,16S rRNA Sequencing
Empty_Plate4_F9,Plate4,F9,i7_R6_515rcbc408,GCGGGTAACGAC,i5_F21_515rcbc858,GTACACTGATAG,DualGolay16S,16S rRNA Sequencing
Empty_Plate4_G9,Plate4,G9,i7_R7_515rcbc417,ATATAAACACCA,i5_F21_515rcbc858,GTACACTGATAG,DualGolay16S,16S rRNA Sequencing
Empty_Plate4_H9,Plate4,H9,i7_R8_515rcbc829,CTGCTCTTTCGT,i5_F21_515rcbc858,GTACACTGATAG,DualGolay16S,16S rRNA Sequencing
Empty_Plate4_A10,Plate4,A10,i7_R1_515rcbc105,GTTACCTCAGAG,i5_F22_515rcbc867,TACCAATCGGTG,DualGolay16S,16S rRNA Sequencing
Empty_Plate4_B10,Plate4,B10,i7_R2_515rcbc158,AACCTTTATCGG,i5_F22_515rcbc867,TACCAATCGGTG,DualGolay16S,16S rRNA Sequencing
Empty_Plate4_C10,Plate4,C10,i7_R3_515rcbc263,GGTTATTCCTAT,i5_F22_515rcbc867,TACCAATCGGTG,DualGolay16S,16S rRNA Sequencing
Empty_Plate4_D10,Plate4,D10,i7_R4_515rcbc370,GGTGACCGGATT,i5_F22_515rcbc867,TACCAATCGGTG,DualGolay16S,16S rRNA Sequencing
Empty_Plate4_E10,Plate4,E10,i7_R5_515rcbc388,TCCTGCCGGATC,i5_F22_515rcbc867,TACCAATCGGTG,DualGolay16S,16S rRNA Sequencing
Empty_Plate4_F10,Plate4,F10,i7_R6_515rcbc408,GCGGGTAACGAC,i5_F22_515rcbc867,TACCAATCGGTG,DualGolay16S,16S rRNA Sequencing
Empty_Plate4_G10,Plate4,G10,i7_R7_515rcbc417,ATATAAACACCA,i5_F22_515rcbc867,TACCAATCGGTG,DualGolay16S,16S rRNA Sequencing
Empty_Plate4_H10,Plate4,H10,i7_R8_515rcbc829,CTGCTCTTTCGT,i5_F22_515rcbc867,TACCAATCGGTG,DualGolay16S,16S rRNA Sequencing
Empty_Plate4_A11,Plate4,A11,i7_R1_515rcbc105,GTTACCTCAGAG,i5_F23_515rcbc885,TTGGGTACACGT,DualGolay16S,16S rRNA Sequencing
Empty_Plate4_B11,Plate4,B11,i7_R2_515rcbc158,AACCTTTATCGG,i5_F23_515rcbc885,TTGGGTACACGT,DualGolay16S,16S rRNA Sequencing
Empty_Plate4_C11,Plate4,C11,i7_R3_515rcbc263,GGTTATTCCTAT,i5_F23_515rcbc885,TTGGGTACACGT,DualGolay16S,16S rRNA Sequencing
Empty_Plate4_D11,Plate4,D11,i7_R4_515rcbc370,GGTGACCGGATT,i5_F23_515rcbc885,TTGGGTACACGT,DualGolay16S,16S rRNA Sequencing
Empty_Plate4_E11,Plate4,E11,i7_R5_515rcbc388,TCCTGCCGGATC,i5_F23_515rcbc885,TTGGGTACACGT,DualGolay16S,16S rRNA Sequencing
Empty_Plate4_F11,Plate4,F11,i7_R6_515rcbc408,GCGGGTAACGAC,i5_F23_515rcbc885,TTGGGTACACGT,DualGolay16S,16S rRNA Sequencing
Empty_Plate4_G11,Plate4,G11,i7_R7_515rcbc417,ATATAAACACCA,i5_F23_515rcbc885,TTGGGTACACGT,DualGolay16S,16S rRNA Sequencing
Empty_Plate4_H11,Plate4,H11,i7_R8_515rcbc829,CTGCTCTTTCGT,i5_F23_515rcbc885,TTGGGTACACGT,DualGolay16S,16S rRNA Sequencing
Empty_Plate4_A12,Plate4,A12,i7_R1_515rcbc105,GTTACCTCAGAG,i5_F24_515rcbc925,GCGACGCGGCAT,DualGolay16S,16S rRNA Sequencing
Empty_Plate4_B12,Plate4,B12,i7_R2_515rcbc158,AACCTTTATCGG,i5_F24_515rcbc925,GCGACGCGGCAT,DualGolay16S,16S rRNA Sequencing
Empty_Plate4_C12,Plate4,C12,i7_R3_515rcbc263,GGTTATTCCTAT,i5_F24_515rcbc925,GCGACGCGGCAT,DualGolay16S,16S rRNA Sequencing
Empty_Plate4_D12,Plate4,D12,i7_R4_515rcbc370,GGTGACCGGATT,i5_F24_515rcbc925,GCGACGCGGCAT,DualGolay16S,16S rRNA Sequencing
Empty_Plate4_E12,Plate4,E12,i7_R5_515rcbc388,TCCTGCCGGATC,i5_F24_515rcbc925,GCGACGCGGCAT,DualGolay16S,16S rRNA Sequencing
Empty_Plate4_F12,Plate4,F12,i7_R6_515rcbc408,GCGGGTAACGAC,i5_F24_515rcbc925,GCGACGCGGCAT,DualGolay16S,16S rRNA Sequencing
Empty_Plate4_G12,Plate4,G12,i7_R7_515rcbc417,ATATAAACACCA,i5_F24_515rcbc925,GCGACGCGGCAT,DualGolay16S,16S rRNA Sequencing
Empty_Plate4_H12,Plate4,H12,i7_R8_515rcbc829,CTGCTCTTTCGT,i5_F24_515rcbc925,GCGACGCGGCAT,DualGolay16S,16S rRNA Sequencing
Empty_Plate5_A1,Plate5,A1,i7_R9_515rcbc262,TGGTTCGAGTAC,i5_F13_515rcbc258,CCGGCTTATGTG,DualGolay16S,16S rRNA Sequencing
Empty_Plate5_B1,Plate5,B1,i7_R10_515rcbc307,GAATATTAACGT,i5_F13_515rcbc258,CCGGCTTATGTG,DualGolay16S,16S rRNA Sequencing
Empty_Plate5_C1,Plate5,C1,i7_R11_515rcbc380,CCATCCAGGTCC,i5_F13_515rcbc258,CCGGCTTATGTG,DualGolay16S,16S rRNA Sequencing
Empty_Plate5_D1,Plate5,D1,i7_R12_515rcbc507,TGACAGGGTCAC,i5_F13_515rcbc258,CCGGCTTATGTG,DualGolay16S,16S rRNA Sequencing
Empty_Plate5_E1,Plate5,E1,i7_R13_515rcbc552,AAGACACAGGTA,i5_F13_515rcbc258,CCGGCTTATGTG,DualGolay16S,16S rRNA Sequencing
Empty_Plate5_F1,Plate5,F1,i7_R14_515rcbc633,AACATTAAGTTG,i5_F13_515rcbc258,CCGGCTTATGTG,DualGolay16S,16S rRNA Sequencing
Empty_Plate5_G1,Plate5,G1,i7_R15_515rcbc794,ACGATTGACCTT,i5_F13_515rcbc258,CCGGCTTATGTG,DualGolay16S,16S rRNA Sequencing
Empty_Plate5_H1,Plate5,H1,i7_R16_515rcbc850,GGACAACGCTTG,i5_F13_515rcbc258,CCGGCTTATGTG,DualGolay16S,16S rRNA Sequencing
Empty_Plate5_A2,Plate5,A2,i7_R9_515rcbc262,TGGTTCGAGTAC,i5_F14_515rcbc277,GTTAACTTACTA,DualGolay16S,16S rRNA Sequencing
Empty_Plate5_B2,Plate5,B2,i7_R10_515rcbc307,GAATATTAACGT,i5_F14_515rcbc277,GTTAACTTACTA,DualGolay16S,16S rRNA Sequencing
Empty_Plate5_C2,Plate5,C2,i7_R11_515rcbc380,CCATCCAGGTCC,i5_F14_515rcbc277,GTTAACTTACTA,DualGolay16S,16S rRNA Sequencing
Empty_Plate5_D2,Plate5,D2,i7_R12_515rcbc507,TGACAGGGTCAC,i5_F14_515rcbc277,GTTAACTTACTA,DualGolay16S,16S rRNA Sequencing
Empty_Plate5_E2,Plate5,E2,i7_R13_515rcbc552,AAGACACAGGTA,i5_F14_515rcbc277,GTTAACTTACTA,DualGolay16S,16S rRNA Sequencing
Empty_Plate5_F2,Plate5,F2,i7_R14_515rcbc633,AACATTAAGTTG,i5_F14_515rcbc277,GTTAACTTACTA,DualGolay16S,16S rRNA Sequencing
Empty_Plate5_G2,Plate5,G2,i7_R15_515rcbc794,ACGATTGACCTT,i5_F14_515rcbc277,GTTAACTTACTA,DualGolay16S,16S rRNA Sequencing
Empty_Plate5_H2,Plate5,H2,i7_R16_515rcbc850,GGACAACGCTTG,i5_F14_515rcbc277,GTTAACTTACTA,DualGolay16S,16S rRNA Sequencing
Empty_Plate5_A3,Plate5,A3,i7_R9_515rcbc262,TGGTTCGAGTAC,i5_F15_515rcbc472,CACGCTATTGGA,DualGolay16S,16S rRNA Sequencing
Empty_Plate5_B3,Plate5,B3,i7_R10_515rcbc307,GAATATTAACGT,i5_F15_515rcbc472,CACGCTATTGGA,DualGolay16S,16S rRNA Sequencing
Empty_Plate5_C3,Plate5,C3,i7_R11_515rcbc380,CCATCCAGGTCC,i5_F15_515rcbc472,CACGCTATTGGA,DualGolay16S,16S rRNA Sequencing
Empty_Plate5_D3,Plate5,D3,i7_R12_515rcbc507,TGACAGGGTCAC,i5_F15_515rcbc472,CACGCTATTGGA,DualGolay16S,16S rRNA Sequencing
Empty_Plate5_E3,Plate5,E3,i7_R13_515rcbc552,AAGACACAGGTA,i5_F15_515rcbc472,CACGCTATTGGA,DualGolay16S,16S rRNA Sequencing
Empty_Plate5_F3,Plate5,F3,i7_R14_515rcbc633,AACATTAAGTTG,i5_F15_515rcbc472,CACGCTATTGGA,DualGolay16S,16S rRNA Sequencing
Empty_Plate5_G3,Plate5,G3,i7_R15_515rcbc794,ACGATTGACCTT,i5_F15_515rcbc472,CACGCTATTGGA,DualGolay16S,16S rRNA Sequencing
Empty_Plate5_H3,Plate5,H3,i7_R16_515rcbc850,GGACAACGCTTG,i5_F15_515rcbc472,CACGCTATTGGA,DualGolay16S,16S rRNA Sequencing
Empty_Plate5_A4,Plate5,A4,i7_R9_515rcbc262,TGGTTCGAGTAC,i5_F16_515rcbc707,GTTGTATTATAC,DualGolay16S,16S rRNA Sequencing
Empty_Plate5_B4,Plate5,B4,i7_R10_515rcbc307,GAATATTAACGT,i5_F16_515rcbc707,GTTGTATTATAC,DualGolay16S,16S rRNA Sequencing
Empty_Plate5_C4,Plate5,C4,i7_R11_515rcbc380,CCATCCAGGTCC,i5_F16_515rcbc707,GTTGTATTATAC,DualGolay16S,16S rRNA Sequencing
Empty_Plate5_D4,Plate5,D4,i7_R12_515rcbc507,TGACAGGGTCAC,i5_F16_515rcbc707,GTTGTATTATAC,DualGolay16S,16S rRNA Sequencing
Empty_Plate5_E4,Plate5,E4,i7_R13_515rcbc552,AAGACACAGGTA,i5_F16_515rcbc707,GTTGTATTATAC,DualGolay16S,16S rRNA Sequencing
Empty_Plate5_F4,Plate5,F4,i7_R14_515rcbc633,AACATTAAGTTG,i5_F16_515rcbc707,GTTGTATTATAC,DualGolay16S,16S rRNA Sequencing
Empty_Plate5_G4,Plate5,G4,i7_R15_515rcbc794,ACGATTGACCTT,i5_F16_515rcbc707,GTTGTATTATAC,DualGolay16S,16S rRNA Sequencing
Empty_Plate5_H4,Plate5,H4,i7_R16_515rcbc850,GGACAACGCTTG,i5_F16_515rcbc707,GTTGTATTATAC,DualGolay16S,16S rRNA Sequencing
Empty_Plate5_A5,Plate5,A5,i7_R9_515rcbc262,TGGTTCGAGTAC,i5_F17_515rcbc762,AACTGGAACCCT,DualGolay16S,16S rRNA Sequencing
Empty_Plate5_B5,Plate5,B5,i7_R10_515rcbc307,GAATATTAACGT,i5_F17_515rcbc762,AACTGGAACCCT,DualGolay16S,16S rRNA Sequencing
Empty_Plate5_C5,Plate5,C5,i7_R11_515rcbc380,CCATCCAGGTCC,i5_F17_515rcbc762,AACTGGAACCCT,DualGolay16S,16S rRNA Sequencing
Empty_Plate5_D5,Plate5,D5,i7_R12_515rcbc507,TGACAGGGTCAC,i5_F17_515rcbc762,AACTGGAACCCT,DualGolay16S,16S rRNA Sequencing
Empty_Plate5_E5,Plate5,E5,i7_R13_515rcbc552,AAGACACAGGTA,i5_F17_515rcbc762,AACTGGAACCCT,DualGolay16S,16S rRNA Sequencing
Empty_Plate5_F5,Plate5,F5,i7_R14_515rcbc633,AACATTAAGTTG,i5_F17_515rcbc762,AACTGGAACCCT,DualGolay16S,16S rRNA Sequencing
Empty_Plate5_G5,Plate5,G5,i7_R15_515rcbc794,ACGATTGACCTT,i5_F17_515rcbc762,AACTGGAACCCT,DualGolay16S,16S rRNA Sequencing
Empty_Plate5_H5,Plate5,H5,i7_R16_515rcbc850,GGACAACGCTTG,i5_F17_515rcbc762,AACTGGAACCCT,DualGolay16S,16S rRNA Sequencing
Empty_Plate5_A6,Plate5,A6,i7_R9_515rcbc262,TGGTTCGAGTAC,i5_F18_515rcbc797,CGGATAACCTCC,DualGolay16S,16S rRNA Sequencing
Empty_Plate5_B6,Plate5,B6,i7_R10_515rcbc307,GAATATTAACGT,i5_F18_515rcbc797,CGGATAACCTCC,DualGolay16S,16S rRNA Sequencing
Empty_Plate5_C6,Plate5,C6,i7_R11_515rcbc380,CCATCCAGGTCC,i5_F18_515rcbc797,CGGATAACCTCC,DualGolay16S,16S rRNA Sequencing
Empty_Plate5_D6,Plate5,D6,i7_R12_515rcbc507,TGACAGGGTCAC,i5_F18_515rcbc797,CGGATAACCTCC,DualGolay16S,16S rRNA Sequencing
Empty_Plate5_E6,Plate5,E6,i7_R13_515rcbc552,AAGACACAGGTA,i5_F18_515rcbc797,CGGATAACCTCC,DualGolay16S,16S rRNA Sequencing
Empty_Plate5_F6,Plate5,F6,i7_R14_515rcbc633,AACATTAAGTTG,i5_F18_515rcbc797,CGGATAACCTCC,DualGolay16S,16S rRNA Sequencing
Empty_Plate5_G6,Plate5,G6,i7_R15_515rcbc794,ACGATTGACCTT,i5_F18_515rcbc797,CGGATAACCTCC,DualGolay16S,16S rRNA Sequencing
Empty_Plate5_H6,Plate5,H6,i7_R16_515rcbc850,GGACAACGCTTG,i5_F18_515rcbc797,CGGATAACCTCC,DualGolay16S,16S rRNA Sequencing
Empty_Plate5_A7,Plate5,A7,i7_R9_515rcbc262,TGGTTCGAGTAC,i5_F19_515rcbc800,ATTAAGCCTGGA,DualGolay16S,16S rRNA Sequencing
Empty_Plate5_B7,Plate5,B7,i7_R10_515rcbc307,GAATATTAACGT,i5_F19_515rcbc800,ATTAAGCCTGGA,DualGolay16S,16S rRNA Sequencing
Empty_Plate5_C7,Plate5,C7,i7_R11_515rcbc380,CCATCCAGGTCC,i5_F19_515rcbc800,ATTAAGCCTGGA,DualGolay16S,16S rRNA Sequencing
Empty_Plate5_D7,Plate5,D7,i7_R12_515rcbc507,TGACAGGGTCAC,i5_F19_515rcbc800,ATTAAGCCTGGA,DualGolay16S,16S rRNA Sequencing
Empty_Plate5_E7,Plate5,E7,i7_R13_515rcbc552,AAGACACAGGTA,i5_F19_515rcbc800,ATTAAGCCTGGA,DualGolay16S,16S rRNA Sequencing
Empty_Plate5_F7,Plate5,F7,i7_R14_515rcbc633,AACATTAAGTTG,i5_F19_515rcbc800,ATTAAGCCTGGA,DualGolay16S,16S rRNA Sequencing
Empty_Plate5_G7,Plate5,G7,i7_R15_515rcbc794,ACGATTGACCTT,i5_F19_515rcbc800,ATTAAGCCTGGA,DualGolay16S,16S rRNA Sequencing
Empty_Plate5_H7,Plate5,H7,i7_R16_515rcbc850,GGACAACGCTTG,i5_F19_515rcbc800,ATTAAGCCTGGA,DualGolay16S,16S rRNA Sequencing
Empty_Plate5_A8,Plate5,A8,i7_R9_515rcbc262,TGGTTCGAGTAC,i5_F20_515rcbc844,CGCTTGTGTAGC,DualGolay16S,16S rRNA Sequencing
Empty_Plate5_B8,Plate5,B8,i7_R10_515rcbc307,GAATATTAACGT,i5_F20_515rcbc844,CGCTTGTGTAGC,DualGolay16S,16S rRNA Sequencing
Empty_Plate5_C8,Plate5,C8,i7_R11_515rcbc380,CCATCCAGGTCC,i5_F20_515rcbc844,CGCTTGTGTAGC,DualGolay16S,16S rRNA Sequencing
Empty_Plate5_D8,Plate5,D8,i7_R12_515rcbc507,TGACAGGGTCAC,i5_F20_515rcbc844,CGCTTGTGTAGC,DualGolay16S,16S rRNA Sequencing
Empty_Plate5_E8,Plate5,E8,i7_R13_515rcbc552,AAGACACAGGTA,i5_F20_515rcbc844,CGCTTGTGTAGC,DualGolay16S,16S rRNA Sequencing
Empty_Plate5_F8,Plate5,F8,i7_R14_515rcbc633,AACATTAAGTTG,i5_F20_515rcbc844,CGCTTGTGTAGC,DualGolay16S,16S rRNA Sequencing
Empty_Plate5_G8,Plate5,G8,i7_R15_515rcbc794,ACGATTGACCTT,i5_F20_515rcbc844,CGCTTGTGTAGC,DualGolay16S,16S rRNA Sequencing
Empty_Plate5_H8,Plate5,H8,i7_R16_515rcbc850,GGACAACGCTTG,i5_F20_515rcbc844,CGCTTGTGTAGC,DualGolay16S,16S rRNA Sequencing
Empty_Plate5_A9,Plate5,A9,i7_R9_515rcbc262,TGGTTCGAGTAC,i5_F21_515rcbc858,GTACACTGATAG,DualGolay16S,16S rRNA Sequencing
Empty_Plate5_B9,Plate5,B9,i7_R10_515rcbc307,GAATATTAACGT,i5_F21_515rcbc858,GTACACTGATAG,DualGolay16S,16S rRNA Sequencing
Empty_Plate5_C9,Plate5,C9,i7_R11_515rcbc380,CCATCCAGGTCC,i5_F21_515rcbc858,GTACACTGATAG,DualGolay16S,16S rRNA Sequencing
Empty_Plate5_D9,Plate5,D9,i7_R12_515rcbc507,TGACAGGGTCAC,i5_F21_515rcbc858,GTACACTGATAG,DualGolay16S,16S rRNA Sequencing
Empty_Plate5_E9,Plate5,E9,i7_R13_515rcbc552,AAGACACAGGTA,i5_F21_515rcbc858,GTACACTGATAG,DualGolay16S,16S rRNA Sequencing
Empty_Plate5_F9,Plate5,F9,i7_R14_515rcbc633,AACATTAAGTTG,i5_F21_515rcbc858,GTACACTGATAG,DualGolay16S,16S rRNA Sequencing
Empty_Plate5_G9,Plate5,G9,i7_R15_515rcbc794,ACGATTGACCTT,i5_F21_515rcbc858,GTACACTGATAG,DualGolay16S,16S rRNA Sequencing
Empty_Plate5_H9,Plate5,H9,i7_R16_515rcbc850,GGACAACGCTTG,i5_F21_515rcbc858,GTACACTGATAG,DualGolay16S,16S rRNA Sequencing
Empty_Plate5_A10,Plate5,A10,i7_R9_515rcbc262,TGGTTCGAGTAC,i5_F22_515rcbc867,TACCAATCGGTG,DualGolay16S,16S rRNA Sequencing
Empty_Plate5_B10,Plate5,B10,i7_R10_515rcbc307,GAATATTAACGT,i5_F22_515rcbc867,TACCAATCGGTG,DualGolay16S,16S rRNA Sequencing
Empty_Plate5_C10,Plate5,C10,i7_R11_515rcbc380,CCATCCAGGTCC,i5_F22_515rcbc867,TACCAATCGGTG,DualGolay16S,16S rRNA Sequencing
Empty_Plate5_D10,Plate5,D10,i7_R12_515rcbc507,TGACAGGGTCAC,i5_F22_515rcbc867,TACCAATCGGTG,DualGolay16S,16S rRNA Sequencing
Empty_Plate5_E10,Plate5,E10,i7_R13_515rcbc552,AAGACACAGGTA,i5_F22_515rcbc867,TACCAATCGGTG,DualGolay16S,16S rRNA Sequencing
Empty_Plate5_F10,Plate5,F10,i7_R14_515rcbc633,AACATTAAGTTG,i5_F22_515rcbc867,TACCAATCGGTG,DualGolay16S,16S rRNA Sequencing
Empty_Plate5_G10,Plate5,G10,i7_R15_515rcbc794,ACGATTGACCTT,i5_F22_515rcbc867,TACCAATCGGTG,DualGolay16S,16S rRNA Sequencing
Empty_Plate5_H10,Plate5,H10,i7_R16_515rcbc850,GGACAACGCTTG,i5_F22_515rcbc867,TACCAATCGGTG,DualGolay16S,16S rRNA Sequencing
Empty_Plate5_A11,Plate5,A11,i7_R9_515rcbc262,TGGTTCGAGTAC,i5_F23_515rcbc885,TTGGGTACACGT,DualGolay16S,16S rRNA Sequencing
Empty_Plate5_B11,Plate5,B11,i7_R10_515rcbc307,GAATATTAACGT,i5_F23_515rcbc885,TTGGGTACACGT,DualGolay16S,16S rRNA Sequencing
Empty_Plate5_C11,Plate5,C11,i7_R11_515rcbc380,CCATCCAGGTCC,i5_F23_515rcbc885,TTGGGTACACGT,DualGolay16S,16S rRNA Sequencing
Empty_Plate5_D11,Plate5,D11,i7_R12_515rcbc507,TGACAGGGTCAC,i5_F23_515rcbc885,TTGGGTACACGT,DualGolay16S,16S rRNA Sequencing
Empty_Plate5_E11,Plate5,E11,i7_R13_515rcbc552,AAGACACAGGTA,i5_F23_515rcbc885,TTGGGTACACGT,DualGolay16S,16S rRNA Sequencing
Empty_Plate5_F11,Plate5,F11,i7_R14_515rcbc633,AACATTAAGTTG,i5_F23_515rcbc885,TTGGGTACACGT,DualGolay16S,16S rRNA Sequencing
Empty_Plate5_G11,Plate5,G11,i7_R15_515rcbc794,ACGATTGACCTT,i5_F23_515rcbc885,TTGGGTACACGT,DualGolay16S,16S rRNA Sequencing
Empty_Plate5_H11,Plate5,H11,i7_R16_515rcbc850,GGACAACGCTTG,i5_F23_515rcbc885,TTGGGTACACGT,DualGolay16S,16S rRNA Sequencing
Empty_Plate5_A12,Plate5,A12,i7_R9_515rcbc262,TGGTTCGAGTAC,i5_F24_515rcbc925,GCGACGCGGCAT,DualGolay16S,16S rRNA Sequencing
Empty_Plate5_B12,Plate5,B12,i7_R10_515rcbc307,GAATATTAACGT,i5_F24_515rcbc925,GCGACGCGGCAT,DualGolay16S,16S rRNA Sequencing
Empty_Plate5_C12,Plate5,C12,i7_R11_515rcbc380,CCATCCAGGTCC,i5_F24_515rcbc925,GCGACGCGGCAT,DualGolay16S,16S rRNA Sequencing
Empty_Plate5_D12,Plate5,D12,i7_R12_515rcbc507,TGACAGGGTCAC,i5_F24_515rcbc925,GCGACGCGGCAT,DualGolay16S,16S rRNA Sequencing
Empty_Plate5_E12,Plate5,E12,i7_R13_515rcbc552,AAGACACAGGTA,i5_F24_515rcbc925,GCGACGCGGCAT,DualGolay16S,16S rRNA Sequencing
Empty_Plate5_F12,Plate5,F12,i7_R14_515rcbc633,AACATTAAGTTG,i5_F24_515rcbc925,GCGACGCGGCAT,DualGolay16S,16S rRNA Sequencing
Empty_Plate5_G12,Plate5,G12,i7_R15_515rcbc794,ACGATTGACCTT,i5_F24_515rcbc925,GCGACGCGGCAT,DualGolay16S,16S rRNA Sequencing
Empty_Plate5_H12,Plate5,H12,i7_R16_515rcbc850,GGACAACGCTTG,i5_F24_515rcbc925,GCGACGCGGCAT,DualGolay16S,16S rRNA Sequencing
Empty_Plate6_A1,Plate6,A1,i7_R17_515rcbc2,TGTAGCAGGGCT,i5_F13_515rcbc258,CCGGCTTATGTG,DualGolay16S,16S rRNA Sequencing
Empty_Plate6_B1,Plate6,B1,i7_R18_515rcbc257,CATCTGTAGCGA,i5_F13_515rcbc258,CCGGCTTATGTG,DualGolay16S,16S rRNA Sequencing
Empty_Plate6_C1,Plate6,C1,i7_R19_515rcbc364,GTGATGTAAATG,i5_F13_515rcbc258,CCGGCTTATGTG,DualGolay16S,16S rRNA Sequencing
Empty_Plate6_D1,Plate6,D1,i7_R20_515rcbc406,ATAGTTTGTCCT,i5_F13_515rcbc258,CCGGCTTATGTG,DualGolay16S,16S rRNA Sequencing
Empty_Plate6_E1,Plate6,E1,i7_R21_515rcbc773,GCCAGAGTCGTA,i5_F13_515rcbc258,CCGGCTTATGTG,DualGolay16S,16S rRNA Sequencing
Empty_Plate6_F1,Plate6,F1,i7_R22_515rcbc877,TAAGGCCTATCG,i5_F13_515rcbc258,CCGGCTTATGTG,DualGolay16S,16S rRNA Sequencing
Empty_Plate6_G1,Plate6,G1,i7_R23_515rcbc892,CCTACGCCTCTA,i5_F13_515rcbc258,CCGGCTTATGTG,DualGolay16S,16S rRNA Sequencing
Empty_Plate6_H1,Plate6,H1,i7_R24_515rcbc959,CGCGCCCACAAC,i5_F13_515rcbc258,CCGGCTTATGTG,DualGolay16S,16S rRNA Sequencing
Empty_Plate6_A2,Plate6,A2,i7_R17_515rcbc2,TGTAGCAGGGCT,i5_F14_515rcbc277,GTTAACTTACTA,DualGolay16S,16S rRNA Sequencing
Empty_Plate6_B2,Plate6,B2,i7_R18_515rcbc257,CATCTGTAGCGA,i5_F14_515rcbc277,GTTAACTTACTA,DualGolay16S,16S rRNA Sequencing
Empty_Plate6_C2,Plate6,C2,i7_R19_515rcbc364,GTGATGTAAATG,i5_F14_515rcbc277,GTTAACTTACTA,DualGolay16S,16S rRNA Sequencing
Empty_Plate6_D2,Plate6,D2,i7_R20_515rcbc406,ATAGTTTGTCCT,i5_F14_515rcbc277,GTTAACTTACTA,DualGolay16S,16S rRNA Sequencing
Empty_Plate6_E2,Plate6,E2,i7_R21_515rcbc773,GCCAGAGTCGTA,i5_F14_515rcbc277,GTTAACTTACTA,DualGolay16S,16S rRNA Sequencing
Empty_Plate6_F2,Plate6,F2,i7_R22_515rcbc877,TAAGGCCTATCG,i5_F14_515rcbc277,GTTAACTTACTA,DualGolay16S,16S rRNA Sequencing
Empty_Plate6_G2,Plate6,G2,i7_R23_515rcbc892,CCTACGCCTCTA,i5_F14_515rcbc277,GTTAACTTACTA,DualGolay16S,16S rRNA Sequencing
Empty_Plate6_H2,Plate6,H2,i7_R24_515rcbc959,CGCGCCCACAAC,i5_F14_515rcbc277,GTTAACTTACTA,DualGolay16S,16S rRNA Sequencing
Empty_Plate6_A3,Plate6,A3,i7_R17_515rcbc2,TGTAGCAGGGCT,i5_F15_515rcbc472,CACGCTATTGGA,DualGolay16S,16S rRNA Sequencing
Empty_Plate6_B3,Plate6,B3,i7_R18_515rcbc257,CATCTGTAGCGA,i5_F15_515rcbc472,CACGCTATTGGA,DualGolay16S,16S rRNA Sequencing
Empty_Plate6_C3,Plate6,C3,i7_R19_515rcbc364,GTGATGTAAATG,i5_F15_515rcbc472,CACGCTATTGGA,DualGolay16S,16S rRNA Sequencing
Empty_Plate6_D3,Plate6,D3,i7_R20_515rcbc406,ATAGTTTGTCCT,i5_F15_515rcbc472,CACGCTATTGGA,DualGolay16S,16S rRNA Sequencing
Empty_Plate6_E3,Plate6,E3,i7_R21_515rcbc773,GCCAGAGTCGTA,i5_F15_515rcbc472,CACGCTATTGGA,DualGolay16S,16S rRNA Sequencing
Empty_Plate6_F3,Plate6,F3,i7_R22_515rcbc877,TAAGGCCTATCG,i5_F15_515rcbc472,CACGCTATTGGA,DualGolay16S,16S rRNA Sequencing
Empty_Plate6_G3,Plate6,G3,i7_R23_515rcbc892,CCTACGCCTCTA,i5_F15_515rcbc472,CACGCTATTGGA,DualGolay16S,16S rRNA Sequencing
Empty_Plate6_H3,Plate6,H3,i7_R24_515rcbc959,CGCGCCCACAAC,i5_F15_515rcbc472,CACGCTATTGGA,DualGolay16S,16S rRNA Sequencing
Empty_Plate6_A4,Plate6,A4,i7_R17_515rcbc2,TGTAGCAGGGCT,i5_F16_515rcbc707,GTTGTATTATAC,DualGolay16S,16S rRNA Sequencing
Empty_Plate6_B4,Plate6,B4,i7_R18_515rcbc257,CATCTGTAGCGA,i5_F16_515rcbc707,GTTGTATTATAC,DualGolay16S,16S rRNA Sequencing
Empty_Plate6_C4,Plate6,C4,i7_R19_515rcbc364,GTGATGTAAATG,i5_F16_515rcbc707,GTTGTATTATAC,DualGolay16S,16S rRNA Sequencing
Empty_Plate6_D4,Plate6,D4,i7_R20_515rcbc406,ATAGTTTGTCCT,i5_F16_515rcbc707,GTTGTATTATAC,DualGolay16S,16S rRNA Sequencing
Empty_Plate6_E4,Plate6,E4,i7_R21_515rcbc773,GCCAGAGTCGTA,i5_F16_515rcbc707,GTTGTATTATAC,DualGolay16S,16S rRNA Sequencing
Empty_Plate6_F4,Plate6,F4,i7_R22_515rcbc877,TAAGGCCTATCG,i5_F16_515rcbc707,GTTGTATTATAC,DualGolay16S,16S rRNA Sequencing
Empty_Plate6_G4,Plate6,G4,i7_R23_515rcbc892,CCTACGCCTCTA,i5_F16_515rcbc707,GTTGTATTATAC,DualGolay16S,16S rRNA Sequencing
Empty_Plate6_H4,Plate6,H4,i7_R24_515rcbc959,CGCGCCCACAAC,i5_F16_515rcbc707,GTTGTATTATAC,DualGolay16S,16S rRNA Sequencing
Empty_Plate6_A5,Plate6,A5,i7_R17_515rcbc2,TGTAGCAGGGCT,i5_F17_515rcbc762,AACTGGAACCCT,DualGolay16S,16S rRNA Sequencing
Empty_Plate6_B5,Plate6,B5,i7_R18_515rcbc257,CATCTGTAGCGA,i5_F17_515rcbc762,AACTGGAACCCT,DualGolay16S,16S rRNA Sequencing
Empty_Plate6_C5,Plate6,C5,i7_R19_515rcbc364,GTGATGTAAATG,i5_F17_515rcbc762,AACTGGAACCCT,DualGolay16S,16S rRNA Sequencing
Empty_Plate6_D5,Plate6,D5,i7_R20_515rcbc406,ATAGTTTGTCCT,i5_F17_515rcbc762,AACTGGAACCCT,DualGolay16S,16S rRNA Sequencing
Empty_Plate6_E5,Plate6,E5,i7_R21_515rcbc773,GCCAGAGTCGTA,i5_F17_515rcbc762,AACTGGAACCCT,DualGolay16S,16S rRNA Sequencing
Empty_Plate6_F5,Plate6,F5,i7_R22_515rcbc877,TAAGGCCTATCG,i5_F17_515rcbc762,AACTGGAACCCT,DualGolay16S,16S rRNA Sequencing
Empty_Plate6_G5,Plate6,G5,i7_R23_515rcbc892,CCTACGCCTCTA,i5_F17_515rcbc762,AACTGGAACCCT,DualGolay16S,16S rRNA Sequencing
Empty_Plate6_H5,Plate6,H5,i7_R24_515rcbc959,CGCGCCCACAAC,i5_F17_515rcbc762,AACTGGAACCCT,DualGolay16S,16S rRNA Sequencing
Empty_Plate6_A6,Plate6,A6,i7_R17_515rcbc2,TGTAGCAGGGCT,i5_F18_515rcbc797,CGGATAACCTCC,DualGolay16S,16S rRNA Sequencing
Empty_Plate6_B6,Plate6,B6,i7_R18_515rcbc257,CATCTGTAGCGA,i5_F18_515rcbc797,CGGATAACCTCC,DualGolay16S,16S rRNA Sequencing
Empty_Plate6_C6,Plate6,C6,i7_R19_515rcbc364,GTGATGTAAATG,i5_F18_515rcbc797,CGGATAACCTCC,DualGolay16S,16S rRNA Sequencing
Empty_Plate6_D6,Plate6,D6,i7_R20_515rcbc406,ATAGTTTGTCCT,i5_F18_515rcbc797,CGGATAACCTCC,DualGolay16S,16S rRNA Sequencing
Empty_Plate6_E6,Plate6,E6,i7_R21_515rcbc773,GCCAGAGTCGTA,i5_F18_515rcbc797,CGGATAACCTCC,DualGolay16S,16S rRNA Sequencing
Empty_Plate6_F6,Plate6,F6,i7_R22_515rcbc877,TAAGGCCTATCG,i5_F18_515rcbc797,CGGATAACCTCC,DualGolay16S,16S rRNA Sequencing
Empty_Plate6_G6,Plate6,G6,i7_R23_515rcbc892,CCTACGCCTCTA,i5_F18_515rcbc797,CGGATAACCTCC,DualGolay16S,16S rRNA Sequencing
Empty_Plate6_H6,Plate6,H6,i7_R24_515rcbc959,CGCGCCCACAAC,i5_F18_515rcbc797,CGGATAACCTCC,DualGolay16S,16S rRNA Sequencing
Empty_Plate6_A7,Plate6,A7,i7_R17_515rcbc2,TGTAGCAGGGCT,i5_F19_515rcbc800,ATTAAGCCTGGA,DualGolay16S,16S rRNA Sequencing
Empty_Plate6_B7,Plate6,B7,i7_R18_515rcbc257,CATCTGTAGCGA,i5_F19_515rcbc800,ATTAAGCCTGGA,DualGolay16S,16S rRNA Sequencing
Empty_Plate6_C7,Plate6,C7,i7_R19_515rcbc364,GTGATGTAAATG,i5_F19_515rcbc800,ATTAAGCCTGGA,DualGolay16S,16S rRNA Sequencing
Empty_Plate6_D7,Plate6,D7,i7_R20_515rcbc406,ATAGTTTGTCCT,i5_F19_515rcbc800,ATTAAGCCTGGA,DualGolay16S,16S rRNA Sequencing
Empty_Plate6_E7,Plate6,E7,i7_R21_515rcbc773,GCCAGAGTCGTA,i5_F19_515rcbc800,ATTAAGCCTGGA,DualGolay16S,16S rRNA Sequencing
Empty_Plate6_F7,Plate6,F7,i7_R22_515rcbc877,TAAGGCCTATCG,i5_F19_515rcbc800,ATTAAGCCTGGA,DualGolay16S,16S rRNA Sequencing
Empty_Plate6_G7,Plate6,G7,i7_R23_515rcbc892,CCTACGCCTCTA,i5_F19_515rcbc800,ATTAAGCCTGGA,DualGolay16S,16S rRNA Sequencing
Empty_Plate6_H7,Plate6,H7,i7_R24_515rcbc959,CGCGCCCACAAC,i5_F19_515rcbc800,ATTAAGCCTGGA,DualGolay16S,16S rRNA Sequencing
Empty_Plate6_A8,Plate6,A8,i7_R17_515rcbc2,TGTAGCAGGGCT,i5_F20_515rcbc844,CGCTTGTGTAGC,DualGolay16S,16S rRNA Sequencing
Empty_Plate6_B8,Plate6,B8,i7_R18_515rcbc257,CATCTGTAGCGA,i5_F20_515rcbc844,CGCTTGTGTAGC,DualGolay16S,16S rRNA Sequencing
Empty_Plate6_C8,Plate6,C8,i7_R19_515rcbc364,GTGATGTAAATG,i5_F20_515rcbc844,CGCTTGTGTAGC,DualGolay16S,16S rRNA Sequencing
Empty_Plate6_D8,Plate6,D8,i7_R20_515rcbc406,ATAGTTTGTCCT,i5_F20_515rcbc844,CGCTTGTGTAGC,DualGolay16S,16S rRNA Sequencing
Empty_Plate6_E8,Plate6,E8,i7_R21_515rcbc773,GCCAGAGTCGTA,i5_F20_515rcbc844,CGCTTGTGTAGC,DualGolay16S,16S rRNA Sequencing
Empty_Plate6_F8,Plate6,F8,i7_R22_515rcbc877,TAAGGCCTATCG,i5_F20_515rcbc844,CGCTTGTGTAGC,DualGolay16S,16S rRNA Sequencing
Empty_Plate6_G8,Plate6,G8,i7_R23_515rcbc892,CCTACGCCTCTA,i5_F20_515rcbc844,CGCTTGTGTAGC,DualGolay16S,16S rRNA Sequencing
Empty_Plate6_H8,Plate6,H8,i7_R24_515rcbc959,CGCGCCCACAAC,i5_F20_515rcbc844,CGCTTGTGTAGC,DualGolay16S,16S rRNA Sequencing
Empty_Plate6_A9,Plate6,A9,i7_R17_515rcbc2,TGTAGCAGGGCT,i5_F21_515rcbc858,GTACACTGATAG,DualGolay16S,16S rRNA Sequencing
Empty_Plate6_B9,Plate6,B9,i7_R18_515rcbc257,CATCTGTAGCGA,i5_F21_515rcbc858,GTACACTGATAG,DualGolay16S,16S rRNA Sequencing
Empty_Plate6_C9,Plate6,C9,i7_R19_515rcbc364,GTGATGTAAATG,i5_F21_515rcbc858,GTACACTGATAG,DualGolay16S,16S rRNA Sequencing
Empty_Plate6_D9,Plate6,D9,i7_R20_515rcbc406,ATAGTTTGTCCT,i5_F21_515rcbc858,GTACACTGATAG,DualGolay16S,16S rRNA Sequencing
Empty_Plate6_E9,Plate6,E9,i7_R21_515rcbc773,GCCAGAGTCGTA,i5_F21_515rcbc858,GTACACTGATAG,DualGolay16S,16S rRNA Sequencing
Empty_Plate6_F9,Plate6,F9,i7_R22_515rcbc877,TAAGGCCTATCG,i5_F21_515rcbc858,GTACACTGATAG,DualGolay16S,16S rRNA Sequencing
Empty_Plate6_G9,Plate6,G9,i7_R23_515rcbc892,CCTACGCCTCTA,i5_F21_515rcbc858,GTACACTGATAG,DualGolay16S,16S rRNA Sequencing
Empty_Plate6_H9,Plate6,H9,i7_R24_515rcbc959,CGCGCCCACAAC,i5_F21_515rcbc858,GTACACTGATAG,DualGolay16S,16S rRNA Sequencing
Empty_Plate6_A10,Plate6,A10,i7_R17_515rcbc2,TGTAGCAGGGCT,i5_F22_515rcbc867,TACCAATCGGTG,DualGolay16S,16S rRNA Sequencing
Empty_Plate6_B10,Plate6,B10,i7_R18_515rcbc257,CATCTGTAGCGA,i5_F22_515rcbc867,TACCAATCGGTG,DualGolay16S,16S rRNA Sequencing
Empty_Plate6_C10,Plate6,C10,i7_R19_515rcbc364,GTGATGTAAATG,i5_F22_515rcbc867,TACCAATCGGTG,DualGolay16S,16S rRNA Sequencing
Empty_Plate6_D10,Plate6,D10,i7_R20_515rcbc406,ATAGTTTGTCCT,i5_F22_515rcbc867,TACCAATCGGTG,DualGolay16S,16S rRNA Sequencing
Empty_Plate6_E10,Plate6,E10,i7_R21_515rcbc773,GCCAGAGTCGTA,i5_F22_515rcbc867,TACCAATCGGTG,DualGolay16S,16S rRNA Sequencing
Empty_Plate6_F10,Plate6,F10,i7_R22_515rcbc877,TAAGGCCTATCG,i5_F22_515rcbc867,TACCAATCGGTG,DualGolay16S,16S rRNA Sequencing
Empty_Plate6_G10,Plate6,G10,i7_R23_515rcbc892,CCTACGCCTCTA,i5_F22_515rcbc867,TACCAATCGGTG,DualGolay16S,16S rRNA Sequencing
Empty_Plate6_H10,Plate6,H10,i7_R24_515rcbc959,CGCGCCCACAAC,i5_F22_515rcbc867,TACCAATCGGTG,DualGolay16S,16S rRNA Sequencing
Empty_Plate6_A11,Plate6,A11,i7_R17_515rcbc2,TGTAGCAGGGCT,i5_F23_515rcbc885,TTGGGTACACGT,DualGolay16S,16S rRNA Sequencing
Empty_Plate6_B11,Plate6,B11,i7_R18_515rcbc257,CATCTGTAGCGA,i5_F23_515rcbc885,TTGGGTACACGT,DualGolay16S,16S rRNA Sequencing
Empty_Plate6_C11,Plate6,C11,i7_R19_515rcbc364,GTGATGTAAATG,i5_F23_515rcbc885,TTGGGTACACGT,DualGolay16S,16S rRNA Sequencing
Empty_Plate6_D11,Plate6,D11,i7_R20_515rcbc406,ATAGTTTGTCCT,i5_F23_515rcbc885,TTGGGTACACGT,DualGolay16S,16S rRNA Sequencing
Empty_Plate6_E11,Plate6,E11,i7_R21_515rcbc773,GCCAGAGTCGTA,i5_F23_515rcbc885,TTGGGTACACGT,DualGolay16S,16S rRNA Sequencing
Empty_Plate6_F11,Plate6,F11,i7_R22_515rcbc877,TAAGGCCTATCG,i5_F23_515rcbc885,TTGGGTACACGT,DualGolay16S,16S rRNA Sequencing
Empty_Plate6_G11,Plate6,G11,i7_R23_515rcbc892,CCTACGCCTCTA,i5_F23_515rcbc885,TTGGGTACACGT,DualGolay16S,16S rRNA Sequencing
Empty_Plate6_H11,Plate6,H11,i7_R24_515rcbc959,CGCGCCCACAAC,i5_F23_515rcbc885,TTGGGTACACGT,DualGolay16S,16S rRNA Sequencing
Empty_Plate6_A12,Plate6,A12,i7_R17_515rcbc2,TGTAGCAGGGCT,i5_F24_515rcbc925,GCGACGCGGCAT,DualGolay16S,16S rRNA Sequencing
Empty_Plate6_B12,Plate6,B12,i7_R18_515rcbc257,CATCTGTAGCGA,i5_F24_515rcbc925,GCGACGCGGCAT,DualGolay16S,16S rRNA Sequencing
Empty_Plate6_C12,Plate6,C12,i7_R19_515rcbc364,GTGATGTAAATG,i5_F24_515rcbc925,GCGACGCGGCAT,DualGolay16S,16S rRNA Sequencing
Empty_Plate6_D12,Plate6,D12,i7_R20_515rcbc406,ATAGTTTGTCCT,i5_F24_515rcbc925,GCGACGCGGCAT,DualGolay16S,16S rRNA Sequencing
Empty_Plate6_E12,Plate6,E12,i7_R21_515rcbc773,GCCAGAGTCGTA,i5_F24_515rcbc925,GCGACGCGGCAT,DualGolay16S,16S rRNA Sequencing
Empty_Plate6_F12,Plate6,F12,i7_R22_515rcbc877,TAAGGCCTATCG,i5_F24_515rcbc925,GCGACGCGGCAT,DualGolay16S,16S rRNA Sequencing
Empty_Plate6_G12,Plate6,G12,i7_R23_515rcbc892,CCTACGCCTCTA,i5_F24_515rcbc925,GCGACGCGGCAT,DualGolay16S,16S rRNA Sequencing
Empty_Plate6_H12,Plate6,H12,i7_R24_515rcbc959,CGCGCCCACAAC,i5_F24_515rcbc925,GCGACGCGGCAT,DualGolay16S,16S rRNA Sequencing
