WellID	PlateID	Column	Row	i5	i7
Plate1_A1	1	1	A	i5_F1_515rcbc110	i7_R1_515rcbc105
Plate1_B1	1	1	B	i5_F1_515rcbc110	i7_R2_515rcbc158
Plate1_C1	1	1	C	i5_F1_515rcbc110	i7_R3_515rcbc263
Plate1_D1	1	1	D	i5_F1_515rcbc110	i7_R4_515rcbc370
Plate1_E1	1	1	E	i5_F1_515rcbc110	i7_R5_515rcbc388
Plate1_F1	1	1	F	i5_F1_515rcbc110	i7_R6_515rcbc408
Plate1_G1	1	1	G	i5_F1_515rcbc110	i7_R7_515rcbc417
Plate1_H1	1	1	H	i5_F1_515rcbc110	i7_R8_515rcbc829
Plate1_A2	1	2	A	i5_F2_515rcbc184	i7_R1_515rcbc105
Plate1_B2	1	2	B	i5_F2_515rcbc184	i7_R2_515rcbc158
Plate1_C2	1	2	C	i5_F2_515rcbc184	i7_R3_515rcbc263
Plate1_D2	1	2	D	i5_F2_515rcbc184	i7_R4_515rcbc370
Plate1_E2	1	2	E	i5_F2_515rcbc184	i7_R5_515rcbc388
Plate1_F2	1	2	F	i5_F2_515rcbc184	i7_R6_515rcbc408
Plate1_G2	1	2	G	i5_F2_515rcbc184	i7_R7_515rcbc417
Plate1_H2	1	2	H	i5_F2_515rcbc184	i7_R8_515rcbc829
Plate1_A3	1	3	A	i5_F3_515rcbc434	i7_R1_515rcbc105
Plate1_B3	1	3	B	i5_F3_515rcbc434	i7_R2_515rcbc158
Plate1_C3	1	3	C	i5_F3_515rcbc434	i7_R3_515rcbc263
Plate1_D3	1	3	D	i5_F3_515rcbc434	i7_R4_515rcbc370
Plate1_E3	1	3	E	i5_F3_515rcbc434	i7_R5_515rcbc388
Plate1_F3	1	3	F	i5_F3_515rcbc434	i7_R6_515rcbc408
Plate1_G3	1	3	G	i5_F3_515rcbc434	i7_R7_515rcbc417
Plate1_H3	1	3	H	i5_F3_515rcbc434	i7_R8_515rcbc829
Plate1_A4	1	4	A	i5_F4_515rcbc443	i7_R1_515rcbc105
Plate1_B4	1	4	B	i5_F4_515rcbc443	i7_R2_515rcbc158
Plate1_C4	1	4	C	i5_F4_515rcbc443	i7_R3_515rcbc263
Plate1_D4	1	4	D	i5_F4_515rcbc443	i7_R4_515rcbc370
Plate1_E4	1	4	E	i5_F4_515rcbc443	i7_R5_515rcbc388
Plate1_F4	1	4	F	i5_F4_515rcbc443	i7_R6_515rcbc408
Plate1_G4	1	4	G	i5_F4_515rcbc443	i7_R7_515rcbc417
Plate1_H4	1	4	H	i5_F4_515rcbc443	i7_R8_515rcbc829
Plate1_A5	1	5	A	i5_F5_515rcbc551	i7_R1_515rcbc105
Plate1_B5	1	5	B	i5_F5_515rcbc551	i7_R2_515rcbc158
Plate1_C5	1	5	C	i5_F5_515rcbc551	i7_R3_515rcbc263
Plate1_D5	1	5	D	i5_F5_515rcbc551	i7_R4_515rcbc370
Plate1_E5	1	5	E	i5_F5_515rcbc551	i7_R5_515rcbc388
Plate1_F5	1	5	F	i5_F5_515rcbc551	i7_R6_515rcbc408
Plate1_G5	1	5	G	i5_F5_515rcbc551	i7_R7_515rcbc417
Plate1_H5	1	5	H	i5_F5_515rcbc551	i7_R8_515rcbc829
Plate1_A6	1	6	A	i5_F6_515rcbc587	i7_R1_515rcbc105
Plate1_B6	1	6	B	i5_F6_515rcbc587	i7_R2_515rcbc158
Plate1_C6	1	6	C	i5_F6_515rcbc587	i7_R3_515rcbc263
Plate1_D6	1	6	D	i5_F6_515rcbc587	i7_R4_515rcbc370
Plate1_E6	1	6	E	i5_F6_515rcbc587	i7_R5_515rcbc388
Plate1_F6	1	6	F	i5_F6_515rcbc587	i7_R6_515rcbc408
Plate1_G6	1	6	G	i5_F6_515rcbc587	i7_R7_515rcbc417
Plate1_H6	1	6	H	i5_F6_515rcbc587	i7_R8_515rcbc829
Plate1_A7	1	7	A	i5_F7_515rcbc621	i7_R1_515rcbc105
Plate1_B7	1	7	B	i5_F7_515rcbc621	i7_R2_515rcbc158
Plate1_C7	1	7	C	i5_F7_515rcbc621	i7_R3_515rcbc263
Plate1_D7	1	7	D	i5_F7_515rcbc621	i7_R4_515rcbc370
Plate1_E7	1	7	E	i5_F7_515rcbc621	i7_R5_515rcbc388
Plate1_F7	1	7	F	i5_F7_515rcbc621	i7_R6_515rcbc408
Plate1_G7	1	7	G	i5_F7_515rcbc621	i7_R7_515rcbc417
Plate1_H7	1	7	H	i5_F7_515rcbc621	i7_R8_515rcbc829
Plate1_A8	1	8	A	i5_F8_515rcbc628	i7_R1_515rcbc105
Plate1_B8	1	8	B	i5_F8_515rcbc628	i7_R2_515rcbc158
Plate1_C8	1	8	C	i5_F8_515rcbc628	i7_R3_515rcbc263
Plate1_D8	1	8	D	i5_F8_515rcbc628	i7_R4_515rcbc370
Plate1_E8	1	8	E	i5_F8_515rcbc628	i7_R5_515rcbc388
Plate1_F8	1	8	F	i5_F8_515rcbc628	i7_R6_515rcbc408
Plate1_G8	1	8	G	i5_F8_515rcbc628	i7_R7_515rcbc417
Plate1_H8	1	8	H	i5_F8_515rcbc628	i7_R8_515rcbc829
Plate1_A9	1	9	A	i5_F9_515rcbc679	i7_R1_515rcbc105
Plate1_B9	1	9	B	i5_F9_515rcbc679	i7_R2_515rcbc158
Plate1_C9	1	9	C	i5_F9_515rcbc679	i7_R3_515rcbc263
Plate1_D9	1	9	D	i5_F9_515rcbc679	i7_R4_515rcbc370
Plate1_E9	1	9	E	i5_F9_515rcbc679	i7_R5_515rcbc388
Plate1_F9	1	9	F	i5_F9_515rcbc679	i7_R6_515rcbc408
Plate1_G9	1	9	G	i5_F9_515rcbc679	i7_R7_515rcbc417
Plate1_H9	1	9	H	i5_F9_515rcbc679	i7_R8_515rcbc829
Plate1_A10	1	10	A	i5_F10_515rcbc695	i7_R1_515rcbc105
Plate1_B10	1	10	B	i5_F10_515rcbc695	i7_R2_515rcbc158
Plate1_C10	1	10	C	i5_F10_515rcbc695	i7_R3_515rcbc263
Plate1_D10	1	10	D	i5_F10_515rcbc695	i7_R4_515rcbc370
Plate1_E10	1	10	E	i5_F10_515rcbc695	i7_R5_515rcbc388
Plate1_F10	1	10	F	i5_F10_515rcbc695	i7_R6_515rcbc408
Plate1_G10	1	10	G	i5_F10_515rcbc695	i7_R7_515rcbc417
Plate1_H10	1	10	H	i5_F10_515rcbc695	i7_R8_515rcbc829
Plate1_A11	1	11	A	i5_F11_515rcbc789	i7_R1_515rcbc105
Plate1_B11	1	11	B	i5_F11_515rcbc789	i7_R2_515rcbc158
Plate1_C11	1	11	C	i5_F11_515rcbc789	i7_R3_515rcbc263
Plate1_D11	1	11	D	i5_F11_515rcbc789	i7_R4_515rcbc370
Plate1_E11	1	11	E	i5_F11_515rcbc789	i7_R5_515rcbc388
Plate1_F11	1	11	F	i5_F11_515rcbc789	i7_R6_515rcbc408
Plate1_G11	1	11	G	i5_F11_515rcbc789	i7_R7_515rcbc417
Plate1_H11	1	11	H	i5_F11_515rcbc789	i7_R8_515rcbc829
Plate1_A12	1	12	A	i5_F12_515rcbc950	i7_R1_515rcbc105
Plate1_B12	1	12	B	i5_F12_515rcbc950	i7_R2_515rcbc158
Plate1_C12	1	12	C	i5_F12_515rcbc950	i7_R3_515rcbc263
Plate1_D12	1	12	D	i5_F12_515rcbc950	i7_R4_515rcbc370
Plate1_E12	1	12	E	i5_F12_515rcbc950	i7_R5_515rcbc388
Plate1_F12	1	12	F	i5_F12_515rcbc950	i7_R6_515rcbc408
Plate1_G12	1	12	G	i5_F12_515rcbc950	i7_R7_515rcbc417
Plate1_H12	1	12	H	i5_F12_515rcbc950	i7_R8_515rcbc829
Plate2_A1	2	1	A	i5_F1_515rcbc110	i7_R9_515rcbc262
Plate2_B1	2	1	B	i5_F1_515rcbc110	i7_R10_515rcbc307
Plate2_C1	2	1	C	i5_F1_515rcbc110	i7_R11_515rcbc380
Plate2_D1	2	1	D	i5_F1_515rcbc110	i7_R12_515rcbc507
Plate2_E1	2	1	E	i5_F1_515rcbc110	i7_R13_515rcbc552
Plate2_F1	2	1	F	i5_F1_515rcbc110	i7_R14_515rcbc633
Plate2_G1	2	1	G	i5_F1_515rcbc110	i7_R15_515rcbc794
Plate2_H1	2	1	H	i5_F1_515rcbc110	i7_R16_515rcbc850
Plate2_A2	2	2	A	i5_F2_515rcbc184	i7_R9_515rcbc262
Plate2_B2	2	2	B	i5_F2_515rcbc184	i7_R10_515rcbc307
Plate2_C2	2	2	C	i5_F2_515rcbc184	i7_R11_515rcbc380
Plate2_D2	2	2	D	i5_F2_515rcbc184	i7_R12_515rcbc507
Plate2_E2	2	2	E	i5_F2_515rcbc184	i7_R13_515rcbc552
Plate2_F2	2	2	F	i5_F2_515rcbc184	i7_R14_515rcbc633
Plate2_G2	2	2	G	i5_F2_515rcbc184	i7_R15_515rcbc794
Plate2_H2	2	2	H	i5_F2_515rcbc184	i7_R16_515rcbc850
Plate2_A3	2	3	A	i5_F3_515rcbc434	i7_R9_515rcbc262
Plate2_B3	2	3	B	i5_F3_515rcbc434	i7_R10_515rcbc307
Plate2_C3	2	3	C	i5_F3_515rcbc434	i7_R11_515rcbc380
Plate2_D3	2	3	D	i5_F3_515rcbc434	i7_R12_515rcbc507
Plate2_E3	2	3	E	i5_F3_515rcbc434	i7_R13_515rcbc552
Plate2_F3	2	3	F	i5_F3_515rcbc434	i7_R14_515rcbc633
Plate2_G3	2	3	G	i5_F3_515rcbc434	i7_R15_515rcbc794
Plate2_H3	2	3	H	i5_F3_515rcbc434	i7_R16_515rcbc850
Plate2_A4	2	4	A	i5_F4_515rcbc443	i7_R9_515rcbc262
Plate2_B4	2	4	B	i5_F4_515rcbc443	i7_R10_515rcbc307
Plate2_C4	2	4	C	i5_F4_515rcbc443	i7_R11_515rcbc380
Plate2_D4	2	4	D	i5_F4_515rcbc443	i7_R12_515rcbc507
Plate2_E4	2	4	E	i5_F4_515rcbc443	i7_R13_515rcbc552
Plate2_F4	2	4	F	i5_F4_515rcbc443	i7_R14_515rcbc633
Plate2_G4	2	4	G	i5_F4_515rcbc443	i7_R15_515rcbc794
Plate2_H4	2	4	H	i5_F4_515rcbc443	i7_R16_515rcbc850
Plate2_A5	2	5	A	i5_F5_515rcbc551	i7_R9_515rcbc262
Plate2_B5	2	5	B	i5_F5_515rcbc551	i7_R10_515rcbc307
Plate2_C5	2	5	C	i5_F5_515rcbc551	i7_R11_515rcbc380
Plate2_D5	2	5	D	i5_F5_515rcbc551	i7_R12_515rcbc507
Plate2_E5	2	5	E	i5_F5_515rcbc551	i7_R13_515rcbc552
Plate2_F5	2	5	F	i5_F5_515rcbc551	i7_R14_515rcbc633
Plate2_G5	2	5	G	i5_F5_515rcbc551	i7_R15_515rcbc794
Plate2_H5	2	5	H	i5_F5_515rcbc551	i7_R16_515rcbc850
Plate2_A6	2	6	A	i5_F6_515rcbc587	i7_R9_515rcbc262
Plate2_B6	2	6	B	i5_F6_515rcbc587	i7_R10_515rcbc307
Plate2_C6	2	6	C	i5_F6_515rcbc587	i7_R11_515rcbc380
Plate2_D6	2	6	D	i5_F6_515rcbc587	i7_R12_515rcbc507
Plate2_E6	2	6	E	i5_F6_515rcbc587	i7_R13_515rcbc552
Plate2_F6	2	6	F	i5_F6_515rcbc587	i7_R14_515rcbc633
Plate2_G6	2	6	G	i5_F6_515rcbc587	i7_R15_515rcbc794
Plate2_H6	2	6	H	i5_F6_515rcbc587	i7_R16_515rcbc850
Plate2_A7	2	7	A	i5_F7_515rcbc621	i7_R9_515rcbc262
Plate2_B7	2	7	B	i5_F7_515rcbc621	i7_R10_515rcbc307
Plate2_C7	2	7	C	i5_F7_515rcbc621	i7_R11_515rcbc380
Plate2_D7	2	7	D	i5_F7_515rcbc621	i7_R12_515rcbc507
Plate2_E7	2	7	E	i5_F7_515rcbc621	i7_R13_515rcbc552
Plate2_F7	2	7	F	i5_F7_515rcbc621	i7_R14_515rcbc633
Plate2_G7	2	7	G	i5_F7_515rcbc621	i7_R15_515rcbc794
Plate2_H7	2	7	H	i5_F7_515rcbc621	i7_R16_515rcbc850
Plate2_A8	2	8	A	i5_F8_515rcbc628	i7_R9_515rcbc262
Plate2_B8	2	8	B	i5_F8_515rcbc628	i7_R10_515rcbc307
Plate2_C8	2	8	C	i5_F8_515rcbc628	i7_R11_515rcbc380
Plate2_D8	2	8	D	i5_F8_515rcbc628	i7_R12_515rcbc507
Plate2_E8	2	8	E	i5_F8_515rcbc628	i7_R13_515rcbc552
Plate2_F8	2	8	F	i5_F8_515rcbc628	i7_R14_515rcbc633
Plate2_G8	2	8	G	i5_F8_515rcbc628	i7_R15_515rcbc794
Plate2_H8	2	8	H	i5_F8_515rcbc628	i7_R16_515rcbc850
Plate2_A9	2	9	A	i5_F9_515rcbc679	i7_R9_515rcbc262
Plate2_B9	2	9	B	i5_F9_515rcbc679	i7_R10_515rcbc307
Plate2_C9	2	9	C	i5_F9_515rcbc679	i7_R11_515rcbc380
Plate2_D9	2	9	D	i5_F9_515rcbc679	i7_R12_515rcbc507
Plate2_E9	2	9	E	i5_F9_515rcbc679	i7_R13_515rcbc552
Plate2_F9	2	9	F	i5_F9_515rcbc679	i7_R14_515rcbc633
Plate2_G9	2	9	G	i5_F9_515rcbc679	i7_R15_515rcbc794
Plate2_H9	2	9	H	i5_F9_515rcbc679	i7_R16_515rcbc850
Plate2_A10	2	10	A	i5_F10_515rcbc695	i7_R9_515rcbc262
Plate2_B10	2	10	B	i5_F10_515rcbc695	i7_R10_515rcbc307
Plate2_C10	2	10	C	i5_F10_515rcbc695	i7_R11_515rcbc380
Plate2_D10	2	10	D	i5_F10_515rcbc695	i7_R12_515rcbc507
Plate2_E10	2	10	E	i5_F10_515rcbc695	i7_R13_515rcbc552
Plate2_F10	2	10	F	i5_F10_515rcbc695	i7_R14_515rcbc633
Plate2_G10	2	10	G	i5_F10_515rcbc695	i7_R15_515rcbc794
Plate2_H10	2	10	H	i5_F10_515rcbc695	i7_R16_515rcbc850
Plate2_A11	2	11	A	i5_F11_515rcbc789	i7_R9_515rcbc262
Plate2_B11	2	11	B	i5_F11_515rcbc789	i7_R10_515rcbc307
Plate2_C11	2	11	C	i5_F11_515rcbc789	i7_R11_515rcbc380
Plate2_D11	2	11	D	i5_F11_515rcbc789	i7_R12_515rcbc507
Plate2_E11	2	11	E	i5_F11_515rcbc789	i7_R13_515rcbc552
Plate2_F11	2	11	F	i5_F11_515rcbc789	i7_R14_515rcbc633
Plate2_G11	2	11	G	i5_F11_515rcbc789	i7_R15_515rcbc794
Plate2_H11	2	11	H	i5_F11_515rcbc789	i7_R16_515rcbc850
Plate2_A12	2	12	A	i5_F12_515rcbc950	i7_R9_515rcbc262
Plate2_B12	2	12	B	i5_F12_515rcbc950	i7_R10_515rcbc307
Plate2_C12	2	12	C	i5_F12_515rcbc950	i7_R11_515rcbc380
Plate2_D12	2	12	D	i5_F12_515rcbc950	i7_R12_515rcbc507
Plate2_E12	2	12	E	i5_F12_515rcbc950	i7_R13_515rcbc552
Plate2_F12	2	12	F	i5_F12_515rcbc950	i7_R14_515rcbc633
Plate2_G12	2	12	G	i5_F12_515rcbc950	i7_R15_515rcbc794
Plate2_H12	2	12	H	i5_F12_515rcbc950	i7_R16_515rcbc850
Plate3_A1	3	1	A	i5_F1_515rcbc110	i7_R17_515rcbc2
Plate3_B1	3	1	B	i5_F1_515rcbc110	i7_R18_515rcbc257
Plate3_C1	3	1	C	i5_F1_515rcbc110	i7_R19_515rcbc364
Plate3_D1	3	1	D	i5_F1_515rcbc110	i7_R20_515rcbc406
Plate3_E1	3	1	E	i5_F1_515rcbc110	i7_R21_515rcbc773
Plate3_F1	3	1	F	i5_F1_515rcbc110	i7_R22_515rcbc877
Plate3_G1	3	1	G	i5_F1_515rcbc110	i7_R23_515rcbc892
Plate3_H1	3	1	H	i5_F1_515rcbc110	i7_R24_515rcbc959
Plate3_A2	3	2	A	i5_F2_515rcbc184	i7_R17_515rcbc2
Plate3_B2	3	2	B	i5_F2_515rcbc184	i7_R18_515rcbc257
Plate3_C2	3	2	C	i5_F2_515rcbc184	i7_R19_515rcbc364
Plate3_D2	3	2	D	i5_F2_515rcbc184	i7_R20_515rcbc406
Plate3_E2	3	2	E	i5_F2_515rcbc184	i7_R21_515rcbc773
Plate3_F2	3	2	F	i5_F2_515rcbc184	i7_R22_515rcbc877
Plate3_G2	3	2	G	i5_F2_515rcbc184	i7_R23_515rcbc892
Plate3_H2	3	2	H	i5_F2_515rcbc184	i7_R24_515rcbc959
Plate3_A3	3	3	A	i5_F3_515rcbc434	i7_R17_515rcbc2
Plate3_B3	3	3	B	i5_F3_515rcbc434	i7_R18_515rcbc257
Plate3_C3	3	3	C	i5_F3_515rcbc434	i7_R19_515rcbc364
Plate3_D3	3	3	D	i5_F3_515rcbc434	i7_R20_515rcbc406
Plate3_E3	3	3	E	i5_F3_515rcbc434	i7_R21_515rcbc773
Plate3_F3	3	3	F	i5_F3_515rcbc434	i7_R22_515rcbc877
Plate3_G3	3	3	G	i5_F3_515rcbc434	i7_R23_515rcbc892
Plate3_H3	3	3	H	i5_F3_515rcbc434	i7_R24_515rcbc959
Plate3_A4	3	4	A	i5_F4_515rcbc443	i7_R17_515rcbc2
Plate3_B4	3	4	B	i5_F4_515rcbc443	i7_R18_515rcbc257
Plate3_C4	3	4	C	i5_F4_515rcbc443	i7_R19_515rcbc364
Plate3_D4	3	4	D	i5_F4_515rcbc443	i7_R20_515rcbc406
Plate3_E4	3	4	E	i5_F4_515rcbc443	i7_R21_515rcbc773
Plate3_F4	3	4	F	i5_F4_515rcbc443	i7_R22_515rcbc877
Plate3_G4	3	4	G	i5_F4_515rcbc443	i7_R23_515rcbc892
Plate3_H4	3	4	H	i5_F4_515rcbc443	i7_R24_515rcbc959
Plate3_A5	3	5	A	i5_F5_515rcbc551	i7_R17_515rcbc2
Plate3_B5	3	5	B	i5_F5_515rcbc551	i7_R18_515rcbc257
Plate3_C5	3	5	C	i5_F5_515rcbc551	i7_R19_515rcbc364
Plate3_D5	3	5	D	i5_F5_515rcbc551	i7_R20_515rcbc406
Plate3_E5	3	5	E	i5_F5_515rcbc551	i7_R21_515rcbc773
Plate3_F5	3	5	F	i5_F5_515rcbc551	i7_R22_515rcbc877
Plate3_G5	3	5	G	i5_F5_515rcbc551	i7_R23_515rcbc892
Plate3_H5	3	5	H	i5_F5_515rcbc551	i7_R24_515rcbc959
Plate3_A6	3	6	A	i5_F6_515rcbc587	i7_R17_515rcbc2
Plate3_B6	3	6	B	i5_F6_515rcbc587	i7_R18_515rcbc257
Plate3_C6	3	6	C	i5_F6_515rcbc587	i7_R19_515rcbc364
Plate3_D6	3	6	D	i5_F6_515rcbc587	i7_R20_515rcbc406
Plate3_E6	3	6	E	i5_F6_515rcbc587	i7_R21_515rcbc773
Plate3_F6	3	6	F	i5_F6_515rcbc587	i7_R22_515rcbc877
Plate3_G6	3	6	G	i5_F6_515rcbc587	i7_R23_515rcbc892
Plate3_H6	3	6	H	i5_F6_515rcbc587	i7_R24_515rcbc959
Plate3_A7	3	7	A	i5_F7_515rcbc621	i7_R17_515rcbc2
Plate3_B7	3	7	B	i5_F7_515rcbc621	i7_R18_515rcbc257
Plate3_C7	3	7	C	i5_F7_515rcbc621	i7_R19_515rcbc364
Plate3_D7	3	7	D	i5_F7_515rcbc621	i7_R20_515rcbc406
Plate3_E7	3	7	E	i5_F7_515rcbc621	i7_R21_515rcbc773
Plate3_F7	3	7	F	i5_F7_515rcbc621	i7_R22_515rcbc877
Plate3_G7	3	7	G	i5_F7_515rcbc621	i7_R23_515rcbc892
Plate3_H7	3	7	H	i5_F7_515rcbc621	i7_R24_515rcbc959
Plate3_A8	3	8	A	i5_F8_515rcbc628	i7_R17_515rcbc2
Plate3_B8	3	8	B	i5_F8_515rcbc628	i7_R18_515rcbc257
Plate3_C8	3	8	C	i5_F8_515rcbc628	i7_R19_515rcbc364
Plate3_D8	3	8	D	i5_F8_515rcbc628	i7_R20_515rcbc406
Plate3_E8	3	8	E	i5_F8_515rcbc628	i7_R21_515rcbc773
Plate3_F8	3	8	F	i5_F8_515rcbc628	i7_R22_515rcbc877
Plate3_G8	3	8	G	i5_F8_515rcbc628	i7_R23_515rcbc892
Plate3_H8	3	8	H	i5_F8_515rcbc628	i7_R24_515rcbc959
Plate3_A9	3	9	A	i5_F9_515rcbc679	i7_R17_515rcbc2
Plate3_B9	3	9	B	i5_F9_515rcbc679	i7_R18_515rcbc257
Plate3_C9	3	9	C	i5_F9_515rcbc679	i7_R19_515rcbc364
Plate3_D9	3	9	D	i5_F9_515rcbc679	i7_R20_515rcbc406
Plate3_E9	3	9	E	i5_F9_515rcbc679	i7_R21_515rcbc773
Plate3_F9	3	9	F	i5_F9_515rcbc679	i7_R22_515rcbc877
Plate3_G9	3	9	G	i5_F9_515rcbc679	i7_R23_515rcbc892
Plate3_H9	3	9	H	i5_F9_515rcbc679	i7_R24_515rcbc959
Plate3_A10	3	10	A	i5_F10_515rcbc695	i7_R17_515rcbc2
Plate3_B10	3	10	B	i5_F10_515rcbc695	i7_R18_515rcbc257
Plate3_C10	3	10	C	i5_F10_515rcbc695	i7_R19_515rcbc364
Plate3_D10	3	10	D	i5_F10_515rcbc695	i7_R20_515rcbc406
Plate3_E10	3	10	E	i5_F10_515rcbc695	i7_R21_515rcbc773
Plate3_F10	3	10	F	i5_F10_515rcbc695	i7_R22_515rcbc877
Plate3_G10	3	10	G	i5_F10_515rcbc695	i7_R23_515rcbc892
Plate3_H10	3	10	H	i5_F10_515rcbc695	i7_R24_515rcbc959
Plate3_A11	3	11	A	i5_F11_515rcbc789	i7_R17_515rcbc2
Plate3_B11	3	11	B	i5_F11_515rcbc789	i7_R18_515rcbc257
Plate3_C11	3	11	C	i5_F11_515rcbc789	i7_R19_515rcbc364
Plate3_D11	3	11	D	i5_F11_515rcbc789	i7_R20_515rcbc406
Plate3_E11	3	11	E	i5_F11_515rcbc789	i7_R21_515rcbc773
Plate3_F11	3	11	F	i5_F11_515rcbc789	i7_R22_515rcbc877
Plate3_G11	3	11	G	i5_F11_515rcbc789	i7_R23_515rcbc892
Plate3_H11	3	11	H	i5_F11_515rcbc789	i7_R24_515rcbc959
Plate3_A12	3	12	A	i5_F12_515rcbc950	i7_R17_515rcbc2
Plate3_B12	3	12	B	i5_F12_515rcbc950	i7_R18_515rcbc257
Plate3_C12	3	12	C	i5_F12_515rcbc950	i7_R19_515rcbc364
Plate3_D12	3	12	D	i5_F12_515rcbc950	i7_R20_515rcbc406
Plate3_E12	3	12	E	i5_F12_515rcbc950	i7_R21_515rcbc773
Plate3_F12	3	12	F	i5_F12_515rcbc950	i7_R22_515rcbc877
Plate3_G12	3	12	G	i5_F12_515rcbc950	i7_R23_515rcbc892
Plate3_H12	3	12	H	i5_F12_515rcbc950	i7_R24_515rcbc959
Plate4_A1	4	1	A	i5_F13_515rcbc258	i7_R1_515rcbc105
Plate4_B1	4	1	B	i5_F13_515rcbc258	i7_R2_515rcbc158
Plate4_C1	4	1	C	i5_F13_515rcbc258	i7_R3_515rcbc263
Plate4_D1	4	1	D	i5_F13_515rcbc258	i7_R4_515rcbc370
Plate4_E1	4	1	E	i5_F13_515rcbc258	i7_R5_515rcbc388
Plate4_F1	4	1	F	i5_F13_515rcbc258	i7_R6_515rcbc408
Plate4_G1	4	1	G	i5_F13_515rcbc258	i7_R7_515rcbc417
Plate4_H1	4	1	H	i5_F13_515rcbc258	i7_R8_515rcbc829
Plate4_A2	4	2	A	i5_F14_515rcbc277	i7_R1_515rcbc105
Plate4_B2	4	2	B	i5_F14_515rcbc277	i7_R2_515rcbc158
Plate4_C2	4	2	C	i5_F14_515rcbc277	i7_R3_515rcbc263
Plate4_D2	4	2	D	i5_F14_515rcbc277	i7_R4_515rcbc370
Plate4_E2	4	2	E	i5_F14_515rcbc277	i7_R5_515rcbc388
Plate4_F2	4	2	F	i5_F14_515rcbc277	i7_R6_515rcbc408
Plate4_G2	4	2	G	i5_F14_515rcbc277	i7_R7_515rcbc417
Plate4_H2	4	2	H	i5_F14_515rcbc277	i7_R8_515rcbc829
Plate4_A3	4	3	A	i5_F15_515rcbc472	i7_R1_515rcbc105
Plate4_B3	4	3	B	i5_F15_515rcbc472	i7_R2_515rcbc158
Plate4_C3	4	3	C	i5_F15_515rcbc472	i7_R3_515rcbc263
Plate4_D3	4	3	D	i5_F15_515rcbc472	i7_R4_515rcbc370
Plate4_E3	4	3	E	i5_F15_515rcbc472	i7_R5_515rcbc388
Plate4_F3	4	3	F	i5_F15_515rcbc472	i7_R6_515rcbc408
Plate4_G3	4	3	G	i5_F15_515rcbc472	i7_R7_515rcbc417
Plate4_H3	4	3	H	i5_F15_515rcbc472	i7_R8_515rcbc829
Plate4_A4	4	4	A	i5_F16_515rcbc707	i7_R1_515rcbc105
Plate4_B4	4	4	B	i5_F16_515rcbc707	i7_R2_515rcbc158
Plate4_C4	4	4	C	i5_F16_515rcbc707	i7_R3_515rcbc263
Plate4_D4	4	4	D	i5_F16_515rcbc707	i7_R4_515rcbc370
Plate4_E4	4	4	E	i5_F16_515rcbc707	i7_R5_515rcbc388
Plate4_F4	4	4	F	i5_F16_515rcbc707	i7_R6_515rcbc408
Plate4_G4	4	4	G	i5_F16_515rcbc707	i7_R7_515rcbc417
Plate4_H4	4	4	H	i5_F16_515rcbc707	i7_R8_515rcbc829
Plate4_A5	4	5	A	i5_F17_515rcbc762	i7_R1_515rcbc105
Plate4_B5	4	5	B	i5_F17_515rcbc762	i7_R2_515rcbc158
Plate4_C5	4	5	C	i5_F17_515rcbc762	i7_R3_515rcbc263
Plate4_D5	4	5	D	i5_F17_515rcbc762	i7_R4_515rcbc370
Plate4_E5	4	5	E	i5_F17_515rcbc762	i7_R5_515rcbc388
Plate4_F5	4	5	F	i5_F17_515rcbc762	i7_R6_515rcbc408
Plate4_G5	4	5	G	i5_F17_515rcbc762	i7_R7_515rcbc417
Plate4_H5	4	5	H	i5_F17_515rcbc762	i7_R8_515rcbc829
Plate4_A6	4	6	A	i5_F18_515rcbc797	i7_R1_515rcbc105
Plate4_B6	4	6	B	i5_F18_515rcbc797	i7_R2_515rcbc158
Plate4_C6	4	6	C	i5_F18_515rcbc797	i7_R3_515rcbc263
Plate4_D6	4	6	D	i5_F18_515rcbc797	i7_R4_515rcbc370
Plate4_E6	4	6	E	i5_F18_515rcbc797	i7_R5_515rcbc388
Plate4_F6	4	6	F	i5_F18_515rcbc797	i7_R6_515rcbc408
Plate4_G6	4	6	G	i5_F18_515rcbc797	i7_R7_515rcbc417
Plate4_H6	4	6	H	i5_F18_515rcbc797	i7_R8_515rcbc829
Plate4_A7	4	7	A	i5_F19_515rcbc800	i7_R1_515rcbc105
Plate4_B7	4	7	B	i5_F19_515rcbc800	i7_R2_515rcbc158
Plate4_C7	4	7	C	i5_F19_515rcbc800	i7_R3_515rcbc263
Plate4_D7	4	7	D	i5_F19_515rcbc800	i7_R4_515rcbc370
Plate4_E7	4	7	E	i5_F19_515rcbc800	i7_R5_515rcbc388
Plate4_F7	4	7	F	i5_F19_515rcbc800	i7_R6_515rcbc408
Plate4_G7	4	7	G	i5_F19_515rcbc800	i7_R7_515rcbc417
Plate4_H7	4	7	H	i5_F19_515rcbc800	i7_R8_515rcbc829
Plate4_A8	4	8	A	i5_F20_515rcbc844	i7_R1_515rcbc105
Plate4_B8	4	8	B	i5_F20_515rcbc844	i7_R2_515rcbc158
Plate4_C8	4	8	C	i5_F20_515rcbc844	i7_R3_515rcbc263
Plate4_D8	4	8	D	i5_F20_515rcbc844	i7_R4_515rcbc370
Plate4_E8	4	8	E	i5_F20_515rcbc844	i7_R5_515rcbc388
Plate4_F8	4	8	F	i5_F20_515rcbc844	i7_R6_515rcbc408
Plate4_G8	4	8	G	i5_F20_515rcbc844	i7_R7_515rcbc417
Plate4_H8	4	8	H	i5_F20_515rcbc844	i7_R8_515rcbc829
Plate4_A9	4	9	A	i5_F21_515rcbc858	i7_R1_515rcbc105
Plate4_B9	4	9	B	i5_F21_515rcbc858	i7_R2_515rcbc158
Plate4_C9	4	9	C	i5_F21_515rcbc858	i7_R3_515rcbc263
Plate4_D9	4	9	D	i5_F21_515rcbc858	i7_R4_515rcbc370
Plate4_E9	4	9	E	i5_F21_515rcbc858	i7_R5_515rcbc388
Plate4_F9	4	9	F	i5_F21_515rcbc858	i7_R6_515rcbc408
Plate4_G9	4	9	G	i5_F21_515rcbc858	i7_R7_515rcbc417
Plate4_H9	4	9	H	i5_F21_515rcbc858	i7_R8_515rcbc829
Plate4_A10	4	10	A	i5_F22_515rcbc867	i7_R1_515rcbc105
Plate4_B10	4	10	B	i5_F22_515rcbc867	i7_R2_515rcbc158
Plate4_C10	4	10	C	i5_F22_515rcbc867	i7_R3_515rcbc263
Plate4_D10	4	10	D	i5_F22_515rcbc867	i7_R4_515rcbc370
Plate4_E10	4	10	E	i5_F22_515rcbc867	i7_R5_515rcbc388
Plate4_F10	4	10	F	i5_F22_515rcbc867	i7_R6_515rcbc408
Plate4_G10	4	10	G	i5_F22_515rcbc867	i7_R7_515rcbc417
Plate4_H10	4	10	H	i5_F22_515rcbc867	i7_R8_515rcbc829
Plate4_A11	4	11	A	i5_F23_515rcbc885	i7_R1_515rcbc105
Plate4_B11	4	11	B	i5_F23_515rcbc885	i7_R2_515rcbc158
Plate4_C11	4	11	C	i5_F23_515rcbc885	i7_R3_515rcbc263
Plate4_D11	4	11	D	i5_F23_515rcbc885	i7_R4_515rcbc370
Plate4_E11	4	11	E	i5_F23_515rcbc885	i7_R5_515rcbc388
Plate4_F11	4	11	F	i5_F23_515rcbc885	i7_R6_515rcbc408
Plate4_G11	4	11	G	i5_F23_515rcbc885	i7_R7_515rcbc417
Plate4_H11	4	11	H	i5_F23_515rcbc885	i7_R8_515rcbc829
Plate4_A12	4	12	A	i5_F24_515rcbc925	i7_R1_515rcbc105
Plate4_B12	4	12	B	i5_F24_515rcbc925	i7_R2_515rcbc158
Plate4_C12	4	12	C	i5_F24_515rcbc925	i7_R3_515rcbc263
Plate4_D12	4	12	D	i5_F24_515rcbc925	i7_R4_515rcbc370
Plate4_E12	4	12	E	i5_F24_515rcbc925	i7_R5_515rcbc388
Plate4_F12	4	12	F	i5_F24_515rcbc925	i7_R6_515rcbc408
Plate4_G12	4	12	G	i5_F24_515rcbc925	i7_R7_515rcbc417
Plate4_H12	4	12	H	i5_F24_515rcbc925	i7_R8_515rcbc829
Plate5_A1	5	1	A	i5_F13_515rcbc258	i7_R9_515rcbc262
Plate5_B1	5	1	B	i5_F13_515rcbc258	i7_R10_515rcbc307
Plate5_C1	5	1	C	i5_F13_515rcbc258	i7_R11_515rcbc380
Plate5_D1	5	1	D	i5_F13_515rcbc258	i7_R12_515rcbc507
Plate5_E1	5	1	E	i5_F13_515rcbc258	i7_R13_515rcbc552
Plate5_F1	5	1	F	i5_F13_515rcbc258	i7_R14_515rcbc633
Plate5_G1	5	1	G	i5_F13_515rcbc258	i7_R15_515rcbc794
Plate5_H1	5	1	H	i5_F13_515rcbc258	i7_R16_515rcbc850
Plate5_A2	5	2	A	i5_F14_515rcbc277	i7_R9_515rcbc262
Plate5_B2	5	2	B	i5_F14_515rcbc277	i7_R10_515rcbc307
Plate5_C2	5	2	C	i5_F14_515rcbc277	i7_R11_515rcbc380
Plate5_D2	5	2	D	i5_F14_515rcbc277	i7_R12_515rcbc507
Plate5_E2	5	2	E	i5_F14_515rcbc277	i7_R13_515rcbc552
Plate5_F2	5	2	F	i5_F14_515rcbc277	i7_R14_515rcbc633
Plate5_G2	5	2	G	i5_F14_515rcbc277	i7_R15_515rcbc794
Plate5_H2	5	2	H	i5_F14_515rcbc277	i7_R16_515rcbc850
Plate5_A3	5	3	A	i5_F15_515rcbc472	i7_R9_515rcbc262
Plate5_B3	5	3	B	i5_F15_515rcbc472	i7_R10_515rcbc307
Plate5_C3	5	3	C	i5_F15_515rcbc472	i7_R11_515rcbc380
Plate5_D3	5	3	D	i5_F15_515rcbc472	i7_R12_515rcbc507
Plate5_E3	5	3	E	i5_F15_515rcbc472	i7_R13_515rcbc552
Plate5_F3	5	3	F	i5_F15_515rcbc472	i7_R14_515rcbc633
Plate5_G3	5	3	G	i5_F15_515rcbc472	i7_R15_515rcbc794
Plate5_H3	5	3	H	i5_F15_515rcbc472	i7_R16_515rcbc850
Plate5_A4	5	4	A	i5_F16_515rcbc707	i7_R9_515rcbc262
Plate5_B4	5	4	B	i5_F16_515rcbc707	i7_R10_515rcbc307
Plate5_C4	5	4	C	i5_F16_515rcbc707	i7_R11_515rcbc380
Plate5_D4	5	4	D	i5_F16_515rcbc707	i7_R12_515rcbc507
Plate5_E4	5	4	E	i5_F16_515rcbc707	i7_R13_515rcbc552
Plate5_F4	5	4	F	i5_F16_515rcbc707	i7_R14_515rcbc633
Plate5_G4	5	4	G	i5_F16_515rcbc707	i7_R15_515rcbc794
Plate5_H4	5	4	H	i5_F16_515rcbc707	i7_R16_515rcbc850
Plate5_A5	5	5	A	i5_F17_515rcbc762	i7_R9_515rcbc262
Plate5_B5	5	5	B	i5_F17_515rcbc762	i7_R10_515rcbc307
Plate5_C5	5	5	C	i5_F17_515rcbc762	i7_R11_515rcbc380
Plate5_D5	5	5	D	i5_F17_515rcbc762	i7_R12_515rcbc507
Plate5_E5	5	5	E	i5_F17_515rcbc762	i7_R13_515rcbc552
Plate5_F5	5	5	F	i5_F17_515rcbc762	i7_R14_515rcbc633
Plate5_G5	5	5	G	i5_F17_515rcbc762	i7_R15_515rcbc794
Plate5_H5	5	5	H	i5_F17_515rcbc762	i7_R16_515rcbc850
Plate5_A6	5	6	A	i5_F18_515rcbc797	i7_R9_515rcbc262
Plate5_B6	5	6	B	i5_F18_515rcbc797	i7_R10_515rcbc307
Plate5_C6	5	6	C	i5_F18_515rcbc797	i7_R11_515rcbc380
Plate5_D6	5	6	D	i5_F18_515rcbc797	i7_R12_515rcbc507
Plate5_E6	5	6	E	i5_F18_515rcbc797	i7_R13_515rcbc552
Plate5_F6	5	6	F	i5_F18_515rcbc797	i7_R14_515rcbc633
Plate5_G6	5	6	G	i5_F18_515rcbc797	i7_R15_515rcbc794
Plate5_H6	5	6	H	i5_F18_515rcbc797	i7_R16_515rcbc850
Plate5_A7	5	7	A	i5_F19_515rcbc800	i7_R9_515rcbc262
Plate5_B7	5	7	B	i5_F19_515rcbc800	i7_R10_515rcbc307
Plate5_C7	5	7	C	i5_F19_515rcbc800	i7_R11_515rcbc380
Plate5_D7	5	7	D	i5_F19_515rcbc800	i7_R12_515rcbc507
Plate5_E7	5	7	E	i5_F19_515rcbc800	i7_R13_515rcbc552
Plate5_F7	5	7	F	i5_F19_515rcbc800	i7_R14_515rcbc633
Plate5_G7	5	7	G	i5_F19_515rcbc800	i7_R15_515rcbc794
Plate5_H7	5	7	H	i5_F19_515rcbc800	i7_R16_515rcbc850
Plate5_A8	5	8	A	i5_F20_515rcbc844	i7_R9_515rcbc262
Plate5_B8	5	8	B	i5_F20_515rcbc844	i7_R10_515rcbc307
Plate5_C8	5	8	C	i5_F20_515rcbc844	i7_R11_515rcbc380
Plate5_D8	5	8	D	i5_F20_515rcbc844	i7_R12_515rcbc507
Plate5_E8	5	8	E	i5_F20_515rcbc844	i7_R13_515rcbc552
Plate5_F8	5	8	F	i5_F20_515rcbc844	i7_R14_515rcbc633
Plate5_G8	5	8	G	i5_F20_515rcbc844	i7_R15_515rcbc794
Plate5_H8	5	8	H	i5_F20_515rcbc844	i7_R16_515rcbc850
Plate5_A9	5	9	A	i5_F21_515rcbc858	i7_R9_515rcbc262
Plate5_B9	5	9	B	i5_F21_515rcbc858	i7_R10_515rcbc307
Plate5_C9	5	9	C	i5_F21_515rcbc858	i7_R11_515rcbc380
Plate5_D9	5	9	D	i5_F21_515rcbc858	i7_R12_515rcbc507
Plate5_E9	5	9	E	i5_F21_515rcbc858	i7_R13_515rcbc552
Plate5_F9	5	9	F	i5_F21_515rcbc858	i7_R14_515rcbc633
Plate5_G9	5	9	G	i5_F21_515rcbc858	i7_R15_515rcbc794
Plate5_H9	5	9	H	i5_F21_515rcbc858	i7_R16_515rcbc850
Plate5_A10	5	10	A	i5_F22_515rcbc867	i7_R9_515rcbc262
Plate5_B10	5	10	B	i5_F22_515rcbc867	i7_R10_515rcbc307
Plate5_C10	5	10	C	i5_F22_515rcbc867	i7_R11_515rcbc380
Plate5_D10	5	10	D	i5_F22_515rcbc867	i7_R12_515rcbc507
Plate5_E10	5	10	E	i5_F22_515rcbc867	i7_R13_515rcbc552
Plate5_F10	5	10	F	i5_F22_515rcbc867	i7_R14_515rcbc633
Plate5_G10	5	10	G	i5_F22_515rcbc867	i7_R15_515rcbc794
Plate5_H10	5	10	H	i5_F22_515rcbc867	i7_R16_515rcbc850
Plate5_A11	5	11	A	i5_F23_515rcbc885	i7_R9_515rcbc262
Plate5_B11	5	11	B	i5_F23_515rcbc885	i7_R10_515rcbc307
Plate5_C11	5	11	C	i5_F23_515rcbc885	i7_R11_515rcbc380
Plate5_D11	5	11	D	i5_F23_515rcbc885	i7_R12_515rcbc507
Plate5_E11	5	11	E	i5_F23_515rcbc885	i7_R13_515rcbc552
Plate5_F11	5	11	F	i5_F23_515rcbc885	i7_R14_515rcbc633
Plate5_G11	5	11	G	i5_F23_515rcbc885	i7_R15_515rcbc794
Plate5_H11	5	11	H	i5_F23_515rcbc885	i7_R16_515rcbc850
Plate5_A12	5	12	A	i5_F24_515rcbc925	i7_R9_515rcbc262
Plate5_B12	5	12	B	i5_F24_515rcbc925	i7_R10_515rcbc307
Plate5_C12	5	12	C	i5_F24_515rcbc925	i7_R11_515rcbc380
Plate5_D12	5	12	D	i5_F24_515rcbc925	i7_R12_515rcbc507
Plate5_E12	5	12	E	i5_F24_515rcbc925	i7_R13_515rcbc552
Plate5_F12	5	12	F	i5_F24_515rcbc925	i7_R14_515rcbc633
Plate5_G12	5	12	G	i5_F24_515rcbc925	i7_R15_515rcbc794
Plate5_H12	5	12	H	i5_F24_515rcbc925	i7_R16_515rcbc850
Plate6_A1	6	1	A	i5_F13_515rcbc258	i7_R17_515rcbc2
Plate6_B1	6	1	B	i5_F13_515rcbc258	i7_R18_515rcbc257
Plate6_C1	6	1	C	i5_F13_515rcbc258	i7_R19_515rcbc364
Plate6_D1	6	1	D	i5_F13_515rcbc258	i7_R20_515rcbc406
Plate6_E1	6	1	E	i5_F13_515rcbc258	i7_R21_515rcbc773
Plate6_F1	6	1	F	i5_F13_515rcbc258	i7_R22_515rcbc877
Plate6_G1	6	1	G	i5_F13_515rcbc258	i7_R23_515rcbc892
Plate6_H1	6	1	H	i5_F13_515rcbc258	i7_R24_515rcbc959
Plate6_A2	6	2	A	i5_F14_515rcbc277	i7_R17_515rcbc2
Plate6_B2	6	2	B	i5_F14_515rcbc277	i7_R18_515rcbc257
Plate6_C2	6	2	C	i5_F14_515rcbc277	i7_R19_515rcbc364
Plate6_D2	6	2	D	i5_F14_515rcbc277	i7_R20_515rcbc406
Plate6_E2	6	2	E	i5_F14_515rcbc277	i7_R21_515rcbc773
Plate6_F2	6	2	F	i5_F14_515rcbc277	i7_R22_515rcbc877
Plate6_G2	6	2	G	i5_F14_515rcbc277	i7_R23_515rcbc892
Plate6_H2	6	2	H	i5_F14_515rcbc277	i7_R24_515rcbc959
Plate6_A3	6	3	A	i5_F15_515rcbc472	i7_R17_515rcbc2
Plate6_B3	6	3	B	i5_F15_515rcbc472	i7_R18_515rcbc257
Plate6_C3	6	3	C	i5_F15_515rcbc472	i7_R19_515rcbc364
Plate6_D3	6	3	D	i5_F15_515rcbc472	i7_R20_515rcbc406
Plate6_E3	6	3	E	i5_F15_515rcbc472	i7_R21_515rcbc773
Plate6_F3	6	3	F	i5_F15_515rcbc472	i7_R22_515rcbc877
Plate6_G3	6	3	G	i5_F15_515rcbc472	i7_R23_515rcbc892
Plate6_H3	6	3	H	i5_F15_515rcbc472	i7_R24_515rcbc959
Plate6_A4	6	4	A	i5_F16_515rcbc707	i7_R17_515rcbc2
Plate6_B4	6	4	B	i5_F16_515rcbc707	i7_R18_515rcbc257
Plate6_C4	6	4	C	i5_F16_515rcbc707	i7_R19_515rcbc364
Plate6_D4	6	4	D	i5_F16_515rcbc707	i7_R20_515rcbc406
Plate6_E4	6	4	E	i5_F16_515rcbc707	i7_R21_515rcbc773
Plate6_F4	6	4	F	i5_F16_515rcbc707	i7_R22_515rcbc877
Plate6_G4	6	4	G	i5_F16_515rcbc707	i7_R23_515rcbc892
Plate6_H4	6	4	H	i5_F16_515rcbc707	i7_R24_515rcbc959
Plate6_A5	6	5	A	i5_F17_515rcbc762	i7_R17_515rcbc2
Plate6_B5	6	5	B	i5_F17_515rcbc762	i7_R18_515rcbc257
Plate6_C5	6	5	C	i5_F17_515rcbc762	i7_R19_515rcbc364
Plate6_D5	6	5	D	i5_F17_515rcbc762	i7_R20_515rcbc406
Plate6_E5	6	5	E	i5_F17_515rcbc762	i7_R21_515rcbc773
Plate6_F5	6	5	F	i5_F17_515rcbc762	i7_R22_515rcbc877
Plate6_G5	6	5	G	i5_F17_515rcbc762	i7_R23_515rcbc892
Plate6_H5	6	5	H	i5_F17_515rcbc762	i7_R24_515rcbc959
Plate6_A6	6	6	A	i5_F18_515rcbc797	i7_R17_515rcbc2
Plate6_B6	6	6	B	i5_F18_515rcbc797	i7_R18_515rcbc257
Plate6_C6	6	6	C	i5_F18_515rcbc797	i7_R19_515rcbc364
Plate6_D6	6	6	D	i5_F18_515rcbc797	i7_R20_515rcbc406
Plate6_E6	6	6	E	i5_F18_515rcbc797	i7_R21_515rcbc773
Plate6_F6	6	6	F	i5_F18_515rcbc797	i7_R22_515rcbc877
Plate6_G6	6	6	G	i5_F18_515rcbc797	i7_R23_515rcbc892
Plate6_H6	6	6	H	i5_F18_515rcbc797	i7_R24_515rcbc959
Plate6_A7	6	7	A	i5_F19_515rcbc800	i7_R17_515rcbc2
Plate6_B7	6	7	B	i5_F19_515rcbc800	i7_R18_515rcbc257
Plate6_C7	6	7	C	i5_F19_515rcbc800	i7_R19_515rcbc364
Plate6_D7	6	7	D	i5_F19_515rcbc800	i7_R20_515rcbc406
Plate6_E7	6	7	E	i5_F19_515rcbc800	i7_R21_515rcbc773
Plate6_F7	6	7	F	i5_F19_515rcbc800	i7_R22_515rcbc877
Plate6_G7	6	7	G	i5_F19_515rcbc800	i7_R23_515rcbc892
Plate6_H7	6	7	H	i5_F19_515rcbc800	i7_R24_515rcbc959
Plate6_A8	6	8	A	i5_F20_515rcbc844	i7_R17_515rcbc2
Plate6_B8	6	8	B	i5_F20_515rcbc844	i7_R18_515rcbc257
Plate6_C8	6	8	C	i5_F20_515rcbc844	i7_R19_515rcbc364
Plate6_D8	6	8	D	i5_F20_515rcbc844	i7_R20_515rcbc406
Plate6_E8	6	8	E	i5_F20_515rcbc844	i7_R21_515rcbc773
Plate6_F8	6	8	F	i5_F20_515rcbc844	i7_R22_515rcbc877
Plate6_G8	6	8	G	i5_F20_515rcbc844	i7_R23_515rcbc892
Plate6_H8	6	8	H	i5_F20_515rcbc844	i7_R24_515rcbc959
Plate6_A9	6	9	A	i5_F21_515rcbc858	i7_R17_515rcbc2
Plate6_B9	6	9	B	i5_F21_515rcbc858	i7_R18_515rcbc257
Plate6_C9	6	9	C	i5_F21_515rcbc858	i7_R19_515rcbc364
Plate6_D9	6	9	D	i5_F21_515rcbc858	i7_R20_515rcbc406
Plate6_E9	6	9	E	i5_F21_515rcbc858	i7_R21_515rcbc773
Plate6_F9	6	9	F	i5_F21_515rcbc858	i7_R22_515rcbc877
Plate6_G9	6	9	G	i5_F21_515rcbc858	i7_R23_515rcbc892
Plate6_H9	6	9	H	i5_F21_515rcbc858	i7_R24_515rcbc959
Plate6_A10	6	10	A	i5_F22_515rcbc867	i7_R17_515rcbc2
Plate6_B10	6	10	B	i5_F22_515rcbc867	i7_R18_515rcbc257
Plate6_C10	6	10	C	i5_F22_515rcbc867	i7_R19_515rcbc364
Plate6_D10	6	10	D	i5_F22_515rcbc867	i7_R20_515rcbc406
Plate6_E10	6	10	E	i5_F22_515rcbc867	i7_R21_515rcbc773
Plate6_F10	6	10	F	i5_F22_515rcbc867	i7_R22_515rcbc877
Plate6_G10	6	10	G	i5_F22_515rcbc867	i7_R23_515rcbc892
Plate6_H10	6	10	H	i5_F22_515rcbc867	i7_R24_515rcbc959
Plate6_A11	6	11	A	i5_F23_515rcbc885	i7_R17_515rcbc2
Plate6_B11	6	11	B	i5_F23_515rcbc885	i7_R18_515rcbc257
Plate6_C11	6	11	C	i5_F23_515rcbc885	i7_R19_515rcbc364
Plate6_D11	6	11	D	i5_F23_515rcbc885	i7_R20_515rcbc406
Plate6_E11	6	11	E	i5_F23_515rcbc885	i7_R21_515rcbc773
Plate6_F11	6	11	F	i5_F23_515rcbc885	i7_R22_515rcbc877
Plate6_G11	6	11	G	i5_F23_515rcbc885	i7_R23_515rcbc892
Plate6_H11	6	11	H	i5_F23_515rcbc885	i7_R24_515rcbc959
Plate6_A12	6	12	A	i5_F24_515rcbc925	i7_R17_515rcbc2
Plate6_B12	6	12	B	i5_F24_515rcbc925	i7_R18_515rcbc257
Plate6_C12	6	12	C	i5_F24_515rcbc925	i7_R19_515rcbc364
Plate6_D12	6	12	D	i5_F24_515rcbc925	i7_R20_515rcbc406
Plate6_E12	6	12	E	i5_F24_515rcbc925	i7_R21_515rcbc773
Plate6_F12	6	12	F	i5_F24_515rcbc925	i7_R22_515rcbc877
Plate6_G12	6	12	G	i5_F24_515rcbc925	i7_R23_515rcbc892
Plate6_H12	6	12	H	i5_F24_515rcbc925	i7_R24_515rcbc959
